--
-- PostgreSQL database dump
--

-- Dumped from database version 14.18 (Homebrew)
-- Dumped by pg_dump version 14.18 (Homebrew)

SET statement_timeout = 0;
SET lock_timeout = 0;
SET idle_in_transaction_session_timeout = 0;
SET client_encoding = 'UTF8';
SET standard_conforming_strings = on;
SELECT pg_catalog.set_config('search_path', '', false);
SET check_function_bodies = false;
SET xmloption = content;
SET client_min_messages = warning;
SET row_security = off;

SET default_tablespace = '';

SET default_table_access_method = heap;

--
-- Name: bill_items; Type: TABLE; Schema: public; Owner: postgres
--

CREATE TABLE public.bill_items (
    id integer NOT NULL,
    bill_id integer,
    medicine_id integer NOT NULL,
    qty integer NOT NULL,
    price double precision NOT NULL,
    subtotal double precision GENERATED ALWAYS AS (((qty)::double precision * price)) STORED,
    description character varying
);


ALTER TABLE public.bill_items OWNER TO postgres;

--
-- Name: bill_items_id_seq; Type: SEQUENCE; Schema: public; Owner: postgres
--

CREATE SEQUENCE public.bill_items_id_seq
    AS integer
    START WITH 1
    INCREMENT BY 1
    NO MINVALUE
    NO MAXVALUE
    CACHE 1;


ALTER TABLE public.bill_items_id_seq OWNER TO postgres;

--
-- Name: bill_items_id_seq; Type: SEQUENCE OWNED BY; Schema: public; Owner: postgres
--

ALTER SEQUENCE public.bill_items_id_seq OWNED BY public.bill_items.id;


--
-- Name: bills; Type: TABLE; Schema: public; Owner: postgres
--

CREATE TABLE public.bills (
    id integer NOT NULL,
    patient_id integer NOT NULL,
    total_amount double precision,
    discount double precision,
    net_total double precision,
    status character varying,
    created_at timestamp without time zone,
    payment_method character varying DEFAULT 'cash'::character varying,
    bill_type character varying DEFAULT 'pharmacy'::character varying
);


ALTER TABLE public.bills OWNER TO postgres;

--
-- Name: bills_id_seq; Type: SEQUENCE; Schema: public; Owner: postgres
--

CREATE SEQUENCE public.bills_id_seq
    AS integer
    START WITH 1
    INCREMENT BY 1
    NO MINVALUE
    NO MAXVALUE
    CACHE 1;


ALTER TABLE public.bills_id_seq OWNER TO postgres;

--
-- Name: bills_id_seq; Type: SEQUENCE OWNED BY; Schema: public; Owner: postgres
--

ALTER SEQUENCE public.bills_id_seq OWNED BY public.bills.id;


--
-- Name: followups; Type: TABLE; Schema: public; Owner: postgres
--

CREATE TABLE public.followups (
    id integer NOT NULL,
    patient_id integer NOT NULL,
    doctor_id integer NOT NULL,
    assigned_at timestamp without time zone DEFAULT now(),
    used boolean DEFAULT false,
    used_at timestamp without time zone
);


ALTER TABLE public.followups OWNER TO postgres;

--
-- Name: followups_id_seq; Type: SEQUENCE; Schema: public; Owner: postgres
--

CREATE SEQUENCE public.followups_id_seq
    AS integer
    START WITH 1
    INCREMENT BY 1
    NO MINVALUE
    NO MAXVALUE
    CACHE 1;


ALTER TABLE public.followups_id_seq OWNER TO postgres;

--
-- Name: followups_id_seq; Type: SEQUENCE OWNED BY; Schema: public; Owner: postgres
--

ALTER SEQUENCE public.followups_id_seq OWNED BY public.followups.id;


--
-- Name: lab_tests; Type: TABLE; Schema: public; Owner: postgres
--

CREATE TABLE public.lab_tests (
    id integer NOT NULL,
    name character varying(150) NOT NULL,
    price integer NOT NULL
);


ALTER TABLE public.lab_tests OWNER TO postgres;

--
-- Name: lab_tests_id_seq; Type: SEQUENCE; Schema: public; Owner: postgres
--

CREATE SEQUENCE public.lab_tests_id_seq
    AS integer
    START WITH 1
    INCREMENT BY 1
    NO MINVALUE
    NO MAXVALUE
    CACHE 1;


ALTER TABLE public.lab_tests_id_seq OWNER TO postgres;

--
-- Name: lab_tests_id_seq; Type: SEQUENCE OWNED BY; Schema: public; Owner: postgres
--

ALTER SEQUENCE public.lab_tests_id_seq OWNED BY public.lab_tests.id;


--
-- Name: medical_reports; Type: TABLE; Schema: public; Owner: postgres
--

CREATE TABLE public.medical_reports (
    id integer NOT NULL,
    patient_name character varying,
    age integer,
    sex character varying,
    created_at timestamp without time zone,
    json_data jsonb,
    is_deleted boolean DEFAULT false
);


ALTER TABLE public.medical_reports OWNER TO postgres;

--
-- Name: medical_reports_id_seq; Type: SEQUENCE; Schema: public; Owner: postgres
--

CREATE SEQUENCE public.medical_reports_id_seq
    AS integer
    START WITH 1
    INCREMENT BY 1
    NO MINVALUE
    NO MAXVALUE
    CACHE 1;


ALTER TABLE public.medical_reports_id_seq OWNER TO postgres;

--
-- Name: medical_reports_id_seq; Type: SEQUENCE OWNED BY; Schema: public; Owner: postgres
--

ALTER SEQUENCE public.medical_reports_id_seq OWNED BY public.medical_reports.id;


--
-- Name: medicines; Type: TABLE; Schema: public; Owner: postgres
--

CREATE TABLE public.medicines (
    id integer NOT NULL,
    name character varying NOT NULL,
    strength character varying,
    batch_no character varying,
    category character varying,
    manufacturer character varying,
    price double precision,
    expiry_date date,
    threshold integer,
    created_by integer,
    is_active integer
);


ALTER TABLE public.medicines OWNER TO postgres;

--
-- Name: medicines_id_seq; Type: SEQUENCE; Schema: public; Owner: postgres
--

CREATE SEQUENCE public.medicines_id_seq
    AS integer
    START WITH 1
    INCREMENT BY 1
    NO MINVALUE
    NO MAXVALUE
    CACHE 1;


ALTER TABLE public.medicines_id_seq OWNER TO postgres;

--
-- Name: medicines_id_seq; Type: SEQUENCE OWNED BY; Schema: public; Owner: postgres
--

ALTER SEQUENCE public.medicines_id_seq OWNED BY public.medicines.id;


--
-- Name: patients; Type: TABLE; Schema: public; Owner: postgres
--

CREATE TABLE public.patients (
    id integer NOT NULL,
    patient_id character varying,
    name character varying NOT NULL,
    age integer,
    sex character varying,
    contact character varying,
    address character varying,
    created_at timestamp without time zone
);


ALTER TABLE public.patients OWNER TO postgres;

--
-- Name: patients_id_seq; Type: SEQUENCE; Schema: public; Owner: postgres
--

CREATE SEQUENCE public.patients_id_seq
    AS integer
    START WITH 1
    INCREMENT BY 1
    NO MINVALUE
    NO MAXVALUE
    CACHE 1;


ALTER TABLE public.patients_id_seq OWNER TO postgres;

--
-- Name: patients_id_seq; Type: SEQUENCE OWNED BY; Schema: public; Owner: postgres
--

ALTER SEQUENCE public.patients_id_seq OWNED BY public.patients.id;


--
-- Name: prescriptions; Type: TABLE; Schema: public; Owner: postgres
--

CREATE TABLE public.prescriptions (
    id integer NOT NULL,
    patient_id integer,
    diagnosis character varying,
    medicines json,
    tests json,
    status character varying,
    created_at timestamp without time zone,
    doctor_id integer
);


ALTER TABLE public.prescriptions OWNER TO postgres;

--
-- Name: prescriptions_id_seq; Type: SEQUENCE; Schema: public; Owner: postgres
--

CREATE SEQUENCE public.prescriptions_id_seq
    AS integer
    START WITH 1
    INCREMENT BY 1
    NO MINVALUE
    NO MAXVALUE
    CACHE 1;


ALTER TABLE public.prescriptions_id_seq OWNER TO postgres;

--
-- Name: prescriptions_id_seq; Type: SEQUENCE OWNED BY; Schema: public; Owner: postgres
--

ALTER SEQUENCE public.prescriptions_id_seq OWNED BY public.prescriptions.id;


--
-- Name: return_items; Type: TABLE; Schema: public; Owner: postgres
--

CREATE TABLE public.return_items (
    id integer NOT NULL,
    bill_id integer,
    medicine_id integer NOT NULL,
    qty integer NOT NULL,
    created_at timestamp without time zone
);


ALTER TABLE public.return_items OWNER TO postgres;

--
-- Name: return_items_id_seq; Type: SEQUENCE; Schema: public; Owner: postgres
--

CREATE SEQUENCE public.return_items_id_seq
    AS integer
    START WITH 1
    INCREMENT BY 1
    NO MINVALUE
    NO MAXVALUE
    CACHE 1;


ALTER TABLE public.return_items_id_seq OWNER TO postgres;

--
-- Name: return_items_id_seq; Type: SEQUENCE OWNED BY; Schema: public; Owner: postgres
--

ALTER SEQUENCE public.return_items_id_seq OWNED BY public.return_items.id;


--
-- Name: stocks; Type: TABLE; Schema: public; Owner: postgres
--

CREATE TABLE public.stocks (
    id integer NOT NULL,
    medicine_id integer,
    quantity integer,
    batch_no character varying,
    updated_at timestamp without time zone
);


ALTER TABLE public.stocks OWNER TO postgres;

--
-- Name: stocks_id_seq; Type: SEQUENCE; Schema: public; Owner: postgres
--

CREATE SEQUENCE public.stocks_id_seq
    AS integer
    START WITH 1
    INCREMENT BY 1
    NO MINVALUE
    NO MAXVALUE
    CACHE 1;


ALTER TABLE public.stocks_id_seq OWNER TO postgres;

--
-- Name: stocks_id_seq; Type: SEQUENCE OWNED BY; Schema: public; Owner: postgres
--

ALTER SEQUENCE public.stocks_id_seq OWNED BY public.stocks.id;


--
-- Name: test_requests; Type: TABLE; Schema: public; Owner: postgres
--

CREATE TABLE public.test_requests (
    id integer NOT NULL,
    patient_id integer NOT NULL,
    doctor_id integer NOT NULL,
    test_name character varying NOT NULL,
    notes character varying,
    status character varying,
    payment_status character varying,
    payment_method character varying,
    payment_verified_at timestamp without time zone,
    ocr_report json,
    created_at timestamp without time zone,
    price integer DEFAULT 0,
    lab_test_id integer
);


ALTER TABLE public.test_requests OWNER TO postgres;

--
-- Name: test_requests_id_seq; Type: SEQUENCE; Schema: public; Owner: postgres
--

CREATE SEQUENCE public.test_requests_id_seq
    AS integer
    START WITH 1
    INCREMENT BY 1
    NO MINVALUE
    NO MAXVALUE
    CACHE 1;


ALTER TABLE public.test_requests_id_seq OWNER TO postgres;

--
-- Name: test_requests_id_seq; Type: SEQUENCE OWNED BY; Schema: public; Owner: postgres
--

ALTER SEQUENCE public.test_requests_id_seq OWNED BY public.test_requests.id;


--
-- Name: transactions; Type: TABLE; Schema: public; Owner: postgres
--

CREATE TABLE public.transactions (
    id integer NOT NULL,
    medicine_id integer,
    type character varying,
    quantity integer,
    "timestamp" timestamp without time zone,
    handled_by integer
);


ALTER TABLE public.transactions OWNER TO postgres;

--
-- Name: transactions_id_seq; Type: SEQUENCE; Schema: public; Owner: postgres
--

CREATE SEQUENCE public.transactions_id_seq
    AS integer
    START WITH 1
    INCREMENT BY 1
    NO MINVALUE
    NO MAXVALUE
    CACHE 1;


ALTER TABLE public.transactions_id_seq OWNER TO postgres;

--
-- Name: transactions_id_seq; Type: SEQUENCE OWNED BY; Schema: public; Owner: postgres
--

ALTER SEQUENCE public.transactions_id_seq OWNED BY public.transactions.id;


--
-- Name: users; Type: TABLE; Schema: public; Owner: postgres
--

CREATE TABLE public.users (
    id integer NOT NULL,
    full_name character varying(100),
    email character varying NOT NULL,
    password character varying NOT NULL,
    role character varying NOT NULL,
    specialization character varying,
    is_deleted boolean DEFAULT false
);


ALTER TABLE public.users OWNER TO postgres;

--
-- Name: users_id_seq; Type: SEQUENCE; Schema: public; Owner: postgres
--

CREATE SEQUENCE public.users_id_seq
    AS integer
    START WITH 1
    INCREMENT BY 1
    NO MINVALUE
    NO MAXVALUE
    CACHE 1;


ALTER TABLE public.users_id_seq OWNER TO postgres;

--
-- Name: users_id_seq; Type: SEQUENCE OWNED BY; Schema: public; Owner: postgres
--

ALTER SEQUENCE public.users_id_seq OWNED BY public.users.id;


--
-- Name: bill_items id; Type: DEFAULT; Schema: public; Owner: postgres
--

ALTER TABLE ONLY public.bill_items ALTER COLUMN id SET DEFAULT nextval('public.bill_items_id_seq'::regclass);


--
-- Name: bills id; Type: DEFAULT; Schema: public; Owner: postgres
--

ALTER TABLE ONLY public.bills ALTER COLUMN id SET DEFAULT nextval('public.bills_id_seq'::regclass);


--
-- Name: followups id; Type: DEFAULT; Schema: public; Owner: postgres
--

ALTER TABLE ONLY public.followups ALTER COLUMN id SET DEFAULT nextval('public.followups_id_seq'::regclass);


--
-- Name: lab_tests id; Type: DEFAULT; Schema: public; Owner: postgres
--

ALTER TABLE ONLY public.lab_tests ALTER COLUMN id SET DEFAULT nextval('public.lab_tests_id_seq'::regclass);


--
-- Name: medical_reports id; Type: DEFAULT; Schema: public; Owner: postgres
--

ALTER TABLE ONLY public.medical_reports ALTER COLUMN id SET DEFAULT nextval('public.medical_reports_id_seq'::regclass);


--
-- Name: medicines id; Type: DEFAULT; Schema: public; Owner: postgres
--

ALTER TABLE ONLY public.medicines ALTER COLUMN id SET DEFAULT nextval('public.medicines_id_seq'::regclass);


--
-- Name: patients id; Type: DEFAULT; Schema: public; Owner: postgres
--

ALTER TABLE ONLY public.patients ALTER COLUMN id SET DEFAULT nextval('public.patients_id_seq'::regclass);


--
-- Name: prescriptions id; Type: DEFAULT; Schema: public; Owner: postgres
--

ALTER TABLE ONLY public.prescriptions ALTER COLUMN id SET DEFAULT nextval('public.prescriptions_id_seq'::regclass);


--
-- Name: return_items id; Type: DEFAULT; Schema: public; Owner: postgres
--

ALTER TABLE ONLY public.return_items ALTER COLUMN id SET DEFAULT nextval('public.return_items_id_seq'::regclass);


--
-- Name: stocks id; Type: DEFAULT; Schema: public; Owner: postgres
--

ALTER TABLE ONLY public.stocks ALTER COLUMN id SET DEFAULT nextval('public.stocks_id_seq'::regclass);


--
-- Name: test_requests id; Type: DEFAULT; Schema: public; Owner: postgres
--

ALTER TABLE ONLY public.test_requests ALTER COLUMN id SET DEFAULT nextval('public.test_requests_id_seq'::regclass);


--
-- Name: transactions id; Type: DEFAULT; Schema: public; Owner: postgres
--

ALTER TABLE ONLY public.transactions ALTER COLUMN id SET DEFAULT nextval('public.transactions_id_seq'::regclass);


--
-- Name: users id; Type: DEFAULT; Schema: public; Owner: postgres
--

ALTER TABLE ONLY public.users ALTER COLUMN id SET DEFAULT nextval('public.users_id_seq'::regclass);


--
-- Data for Name: bill_items; Type: TABLE DATA; Schema: public; Owner: postgres
--

COPY public.bill_items (id, bill_id, medicine_id, qty, price, description) FROM stdin;
4831	1016	18	82	8	\N
4832	1016	24	46	320	\N
4833	1016	20	71	10	\N
4834	1016	12	201	22	\N
4835	1016	5	140	85	\N
4836	1017	16	270	14	\N
4837	1017	23	57	18	\N
4838	1017	10	103	25	\N
4839	1017	7	190	10	\N
4840	1017	17	100	12	\N
4841	1018	2	107	45	\N
4842	1018	22	67	28	\N
4843	1018	13	75	30	\N
4844	1018	4	312	6	\N
4845	1018	3	352	12	\N
4846	1019	21	165	15	\N
4847	1019	11	135	5	\N
4848	1019	25	24	850	\N
4849	1019	6	215	15	\N
4850	1019	1	472	8	\N
4851	1020	9	101	95	\N
4852	1020	19	133	20	\N
4853	1020	15	161	8	\N
4854	1020	8	213	18	\N
4855	1020	14	52	35	\N
4856	1021	10	91	25	\N
4857	1021	8	228	18	\N
4858	1021	1	430	8	\N
4859	1021	14	54	35	\N
4860	1021	6	205	15	\N
4861	1022	2	99	45	\N
4862	1022	18	81	8	\N
4863	1022	24	45	320	\N
4864	1022	22	67	28	\N
4865	1022	17	96	12	\N
4866	1023	25	24	850	\N
4867	1023	20	66	10	\N
4868	1023	12	176	22	\N
4869	1023	4	318	6	\N
4870	1023	3	324	12	\N
4871	1024	9	87	95	\N
4872	1024	5	136	85	\N
4873	1024	15	180	8	\N
4874	1024	13	66	30	\N
4875	1024	16	252	14	\N
4876	1025	21	156	15	\N
4877	1025	7	167	10	\N
4878	1025	11	140	5	\N
4879	1025	23	53	18	\N
4880	1025	19	148	20	\N
4881	1026	1	410	8	\N
4882	1026	14	51	35	\N
4883	1026	10	105	25	\N
4884	1026	12	215	22	\N
4885	1026	24	41	320	\N
4886	1027	6	190	15	\N
4887	1027	15	165	8	\N
4888	1027	4	340	6	\N
4889	1027	7	184	10	\N
4890	1027	13	61	30	\N
4891	1028	22	63	28	\N
4892	1028	18	101	8	\N
4893	1028	9	75	95	\N
4894	1028	23	53	18	\N
4895	1028	11	138	5	\N
4896	1029	17	85	12	\N
4897	1029	5	120	85	\N
4898	1029	20	80	10	\N
4899	1029	16	253	14	\N
4900	1029	21	183	15	\N
4901	1030	3	308	12	\N
4902	1030	19	151	20	\N
4903	1030	25	24	850	\N
4904	1030	2	82	45	\N
4905	1030	8	244	18	\N
4906	1031	12	225	22	\N
4907	1031	5	107	85	\N
4908	1031	25	26	850	\N
4909	1031	20	95	10	\N
4910	1031	16	231	14	\N
4911	1032	24	35	320	\N
4912	1032	11	124	5	\N
4913	1032	14	58	35	\N
4914	1032	10	137	25	\N
4915	1032	22	58	28	\N
4916	1033	7	198	10	\N
4917	1033	21	181	15	\N
4918	1033	19	134	20	\N
4919	1033	13	64	30	\N
4920	1033	17	92	12	\N
4921	1034	1	410	8	\N
4922	1034	2	77	45	\N
4923	1034	4	462	6	\N
4924	1034	18	125	8	\N
4925	1034	23	51	18	\N
4926	1035	3	294	12	\N
4927	1035	8	251	18	\N
4928	1035	15	175	8	\N
4929	1035	9	58	95	\N
4930	1035	6	212	15	\N
4931	1036	19	150	20	\N
4932	1036	6	213	15	\N
4933	1036	23	49	18	\N
4934	1036	7	192	10	\N
4935	1036	16	206	14	\N
4936	1037	17	84	12	\N
4937	1037	18	145	8	\N
4938	1037	22	55	28	\N
4939	1037	4	450	6	\N
4940	1037	24	32	320	\N
4941	1038	12	203	22	\N
4942	1038	2	74	45	\N
4943	1038	14	56	35	\N
4944	1038	20	99	10	\N
4945	1038	25	27	850	\N
4946	1039	1	363	8	\N
4947	1039	3	282	12	\N
4948	1039	11	126	5	\N
4949	1039	15	196	8	\N
4950	1039	10	156	25	\N
4951	1040	21	152	15	\N
4952	1040	5	92	85	\N
4953	1040	13	61	30	\N
4954	1040	9	57	95	\N
4955	1040	8	230	18	\N
4956	1041	13	75	30	\N
4957	1041	3	253	12	\N
4958	1041	1	375	8	\N
4959	1041	8	218	18	\N
4960	1041	16	212	14	\N
4961	1042	25	27	850	\N
4962	1042	21	147	15	\N
4963	1042	7	176	10	\N
4964	1042	9	69	95	\N
4965	1042	6	202	15	\N
4966	1043	17	115	12	\N
4967	1043	22	64	28	\N
4968	1043	15	189	8	\N
4969	1043	11	120	5	\N
4970	1043	4	387	6	\N
4971	1044	24	33	320	\N
4972	1044	20	128	10	\N
4973	1044	12	189	22	\N
4974	1044	10	210	25	\N
4975	1044	2	73	45	\N
4976	1045	23	43	18	\N
4977	1045	14	56	35	\N
4978	1045	5	130	85	\N
4979	1045	18	111	8	\N
4980	1045	19	149	20	\N
4981	1046	18	101	8	\N
4982	1046	8	197	18	\N
4983	1046	25	26	850	\N
4984	1046	23	50	18	\N
4985	1046	5	156	85	\N
4986	1047	3	265	12	\N
4987	1047	21	138	15	\N
4988	1047	24	32	320	\N
4989	1047	12	179	22	\N
4990	1047	10	254	25	\N
4991	1048	15	192	8	\N
4992	1048	11	123	5	\N
4993	1048	20	153	10	\N
4994	1048	16	217	14	\N
4995	1048	6	222	15	\N
4996	1049	22	85	28	\N
4997	1049	17	134	12	\N
4998	1049	1	364	8	\N
4999	1049	14	54	35	\N
5000	1049	2	93	45	\N
5001	1050	9	87	95	\N
5002	1050	7	200	10	\N
5003	1050	19	147	20	\N
5004	1050	13	93	30	\N
5005	1050	4	369	6	\N
5006	1051	11	143	5	\N
5007	1051	22	75	28	\N
5008	1051	25	25	850	\N
5009	1051	3	287	12	\N
5010	1051	7	198	10	\N
5011	1052	18	115	8	\N
5012	1052	10	244	25	\N
5013	1052	2	86	45	\N
5014	1052	19	146	20	\N
5015	1052	15	200	8	\N
5016	1053	20	134	10	\N
5017	1053	17	113	12	\N
5018	1053	9	75	95	\N
5019	1053	12	200	22	\N
5020	1053	24	37	320	\N
5021	1054	6	228	15	\N
5022	1054	23	51	18	\N
5023	1054	14	59	35	\N
5024	1054	4	439	6	\N
5025	1054	1	371	8	\N
5026	1055	21	181	15	\N
5027	1055	5	136	85	\N
5028	1055	8	231	18	\N
5029	1055	13	85	30	\N
5030	1055	16	242	14	\N
5031	1056	23	55	18	\N
5032	1056	4	511	6	\N
5033	1056	10	196	25	\N
5034	1056	15	185	8	\N
5035	1056	13	73	30	\N
5036	1057	5	138	85	\N
5037	1057	2	80	45	\N
5038	1057	19	159	20	\N
5039	1057	3	334	12	\N
5040	1057	17	115	12	\N
5041	1058	12	210	22	\N
5042	1058	11	149	5	\N
5043	1058	6	203	15	\N
5044	1058	7	181	10	\N
5045	1058	1	432	8	\N
5046	1059	22	65	28	\N
5047	1059	14	59	35	\N
5048	1059	9	72	95	\N
5049	1059	21	179	15	\N
5050	1059	16	266	14	\N
5051	1060	8	275	18	\N
5052	1060	20	125	10	\N
5053	1060	18	143	8	\N
5054	1060	25	25	850	\N
5055	1060	24	41	320	\N
5056	1061	5	122	85	\N
5057	1061	22	66	28	\N
5058	1061	18	143	8	\N
5059	1061	25	28	850	\N
5060	1061	20	98	10	\N
5061	1062	17	107	12	\N
5062	1062	1	508	8	\N
5063	1062	12	222	22	\N
5064	1062	14	55	35	\N
5065	1062	16	306	14	\N
5066	1063	15	192	8	\N
5067	1063	11	143	5	\N
5068	1063	24	46	320	\N
5069	1063	9	73	95	\N
5070	1063	6	235	15	\N
5071	1064	2	95	45	\N
5072	1064	21	184	15	\N
5073	1064	10	145	25	\N
5074	1064	4	519	6	\N
5075	1064	8	255	18	\N
5076	1065	19	146	20	\N
5077	1065	3	367	12	\N
5078	1065	7	200	10	\N
5079	1065	23	51	18	\N
5080	1065	13	74	30	\N
5081	1066	4	426	6	\N
5082	1066	5	150	85	\N
5083	1066	24	49	320	\N
5084	1066	2	96	45	\N
5085	1066	11	156	5	\N
5086	1067	17	108	12	\N
5087	1067	23	57	18	\N
5088	1067	19	151	20	\N
5089	1067	18	116	8	\N
5090	1067	20	89	10	\N
5091	1068	14	58	35	\N
5092	1068	7	207	10	\N
5093	1068	6	211	15	\N
5094	1068	25	29	850	\N
5095	1068	9	96	95	\N
5096	1069	16	287	14	\N
5097	1069	12	204	22	\N
5098	1069	22	75	28	\N
5099	1069	21	166	15	\N
5100	1069	13	79	30	\N
5101	1070	8	226	18	\N
5102	1070	10	123	25	\N
5103	1070	3	349	12	\N
5104	1070	1	520	8	\N
5105	1070	15	197	8	\N
5106	1071	12	213	22	\N
5107	1071	9	107	95	\N
5108	1071	23	63	18	\N
5109	1071	25	28	850	\N
5110	1071	6	226	15	\N
5111	1072	21	168	15	\N
5112	1072	11	182	5	\N
5113	1072	2	103	45	\N
5114	1072	1	576	8	\N
5115	1072	22	75	28	\N
5116	1073	7	190	10	\N
5117	1073	10	100	25	\N
5118	1073	5	149	85	\N
5119	1073	19	150	20	\N
5120	1073	16	299	14	\N
5121	1074	15	205	8	\N
5122	1074	13	84	30	\N
5123	1074	17	100	12	\N
5124	1074	24	53	320	\N
5125	1074	20	78	10	\N
5126	1075	14	54	35	\N
5127	1075	18	89	8	\N
5128	1075	4	339	6	\N
5129	1075	8	238	18	\N
5130	1075	3	398	12	\N
5131	1076	15	194	8	\N
5132	1076	12	220	22	\N
5133	1076	18	94	8	\N
5134	1076	17	111	12	\N
5135	1076	14	62	35	\N
5136	1077	4	336	6	\N
5137	1077	21	171	15	\N
5138	1077	13	90	30	\N
5139	1077	7	202	10	\N
5140	1077	10	105	25	\N
5141	1078	3	356	12	\N
5142	1078	5	160	85	\N
5143	1078	25	28	850	\N
5144	1078	11	159	5	\N
5145	1078	20	76	10	\N
5146	1079	16	276	14	\N
5147	1079	6	222	15	\N
5148	1079	2	119	45	\N
5149	1079	24	53	320	\N
5150	1079	9	98	95	\N
5151	1080	1	518	8	\N
5152	1080	23	60	18	\N
5153	1080	19	147	20	\N
5154	1080	22	84	28	\N
5155	1080	8	264	18	\N
5156	1081	6	226	15	\N
5157	1081	23	55	18	\N
5158	1081	2	111	45	\N
5159	1081	24	49	320	\N
5160	1081	18	93	8	\N
5161	1082	1	475	8	\N
5162	1082	11	147	5	\N
5163	1082	12	214	22	\N
5164	1082	13	74	30	\N
5165	1082	15	191	8	\N
5166	1083	7	219	10	\N
5167	1083	3	347	12	\N
5168	1083	19	154	20	\N
5169	1083	8	249	18	\N
5170	1083	25	30	850	\N
5171	1084	20	83	10	\N
5172	1084	22	67	28	\N
5173	1084	14	63	35	\N
5174	1084	9	95	95	\N
5175	1084	17	98	12	\N
5176	1085	10	110	25	\N
5177	1085	16	265	14	\N
5178	1085	5	151	85	\N
5179	1085	21	167	15	\N
5180	1085	4	348	6	\N
5181	1086	14	61	35	\N
5182	1086	10	132	25	\N
5183	1086	5	134	85	\N
5184	1086	15	210	8	\N
5185	1086	24	48	320	\N
5186	1087	7	205	10	\N
5187	1087	6	233	15	\N
5188	1087	4	382	6	\N
5189	1087	2	93	45	\N
5190	1087	1	489	8	\N
5191	1088	9	84	95	\N
5192	1088	8	272	18	\N
5193	1088	17	98	12	\N
5194	1088	12	240	22	\N
5195	1088	16	275	14	\N
5196	1089	19	154	20	\N
5197	1089	22	60	28	\N
5198	1089	18	117	8	\N
5199	1089	25	30	850	\N
5200	1089	3	366	12	\N
5201	1090	21	212	15	\N
5202	1090	13	67	30	\N
5203	1090	23	59	18	\N
5204	1090	20	92	10	\N
5205	1090	11	146	5	\N
5206	1091	20	105	10	\N
5207	1091	22	68	28	\N
5208	1091	9	68	95	\N
5209	1091	6	225	15	\N
5210	1091	2	80	45	\N
5211	1092	3	328	12	\N
5212	1092	18	143	8	\N
5213	1092	21	185	15	\N
5214	1092	23	53	18	\N
5215	1092	15	214	8	\N
5216	1093	5	124	85	\N
5217	1093	25	31	850	\N
5218	1093	11	149	5	\N
5219	1093	14	64	35	\N
5220	1093	1	455	8	\N
5221	1094	17	102	12	\N
5222	1094	10	170	25	\N
5223	1094	12	241	22	\N
5224	1094	19	151	20	\N
5225	1094	24	42	320	\N
5226	1095	8	283	18	\N
5227	1095	4	460	6	\N
5228	1095	16	242	14	\N
5229	1095	13	67	30	\N
5230	1095	7	199	10	\N
5231	1096	20	106	10	\N
5232	1096	7	205	10	\N
5233	1096	5	111	85	\N
5234	1096	15	204	8	\N
5235	1096	11	146	5	\N
5236	1097	3	335	12	\N
5237	1097	21	191	15	\N
5238	1097	17	98	12	\N
5239	1097	2	82	45	\N
5240	1097	18	146	8	\N
5241	1098	14	64	35	\N
5242	1098	6	255	15	\N
5243	1098	23	47	18	\N
5244	1098	10	187	25	\N
5245	1098	1	439	8	\N
5246	1099	16	236	14	\N
5247	1099	8	242	18	\N
5248	1099	4	573	6	\N
5249	1099	12	221	22	\N
5250	1099	13	64	30	\N
5251	1100	19	159	20	\N
5252	1100	9	63	95	\N
5253	1100	25	30	850	\N
5254	1100	24	35	320	\N
5255	1100	22	62	28	\N
5256	1101	6	254	15	\N
5257	1101	4	459	6	\N
5258	1101	22	77	28	\N
5259	1101	23	50	18	\N
5260	1101	14	63	35	\N
5261	1102	21	164	15	\N
5262	1102	15	225	8	\N
5263	1102	10	220	25	\N
5264	1102	12	211	22	\N
5265	1102	24	39	320	\N
5266	1103	2	94	45	\N
5267	1103	3	273	12	\N
5268	1103	13	78	30	\N
5269	1103	16	220	14	\N
5270	1103	18	131	8	\N
5271	1104	17	127	12	\N
5272	1104	20	133	10	\N
5273	1104	9	71	95	\N
5274	1104	1	367	8	\N
5275	1104	5	142	85	\N
5276	1105	11	147	5	\N
5277	1105	8	235	18	\N
5278	1105	25	29	850	\N
5279	1105	19	168	20	\N
5280	1105	7	202	10	\N
5281	1106	9	97	95	\N
5282	1106	10	271	25	\N
5283	1106	19	157	20	\N
5284	1106	1	367	8	\N
5285	1106	4	446	6	\N
5286	1107	13	93	30	\N
5287	1107	3	304	12	\N
5288	1107	5	175	85	\N
5289	1107	17	150	12	\N
5290	1107	23	52	18	\N
5291	1108	6	232	15	\N
5292	1108	2	108	45	\N
5293	1108	12	193	22	\N
5294	1108	16	224	14	\N
5295	1108	22	95	28	\N
5296	1109	20	168	10	\N
5297	1109	11	139	5	\N
5298	1109	24	39	320	\N
5299	1109	8	249	18	\N
5300	1109	15	229	8	\N
5301	1110	14	65	35	\N
5302	1110	7	230	10	\N
5303	1110	18	111	8	\N
5304	1110	25	28	850	\N
5305	1110	21	171	15	\N
5306	1111	10	271	25	\N
5307	1111	16	237	14	\N
5308	1111	14	57	35	\N
5309	1111	17	131	12	\N
5310	1111	20	149	10	\N
5311	1112	18	124	8	\N
5312	1112	15	215	8	\N
5313	1112	22	81	28	\N
5314	1112	8	249	18	\N
5315	1112	25	31	850	\N
5316	1113	7	211	10	\N
5317	1113	4	504	6	\N
5318	1113	9	79	95	\N
5319	1113	24	40	320	\N
5320	1113	2	105	45	\N
5321	1114	23	53	18	\N
5322	1114	21	186	15	\N
5323	1114	3	333	12	\N
5324	1114	13	82	30	\N
5325	1114	19	170	20	\N
5326	1115	5	153	85	\N
5327	1115	6	260	15	\N
5328	1115	1	443	8	\N
5329	1115	12	228	22	\N
5330	1115	11	143	5	\N
5331	1116	12	270	22	\N
5332	1116	5	149	85	\N
5333	1116	20	123	10	\N
5334	1116	18	178	8	\N
5335	1116	9	72	95	\N
5336	1117	16	280	14	\N
5337	1117	11	161	5	\N
5338	1117	7	235	10	\N
5339	1117	2	94	45	\N
5340	1117	15	208	8	\N
5341	1118	8	300	18	\N
5342	1118	23	59	18	\N
5343	1118	17	125	12	\N
5344	1118	3	358	12	\N
5345	1118	6	264	15	\N
5346	1119	1	536	8	\N
5347	1119	22	77	28	\N
5348	1119	4	628	6	\N
5349	1119	10	229	25	\N
5350	1119	24	50	320	\N
5351	1120	21	205	15	\N
5352	1120	13	82	30	\N
5353	1120	25	31	850	\N
5354	1120	14	62	35	\N
5355	1120	19	166	20	\N
5356	1121	17	104	12	\N
5357	1121	14	63	35	\N
5358	1121	11	145	5	\N
5359	1121	21	214	15	\N
5360	1121	7	244	10	\N
5361	1122	16	312	14	\N
5362	1122	5	139	85	\N
5363	1122	6	253	15	\N
5364	1122	4	558	6	\N
5365	1122	23	58	18	\N
5366	1123	1	562	8	\N
5367	1123	20	104	10	\N
5368	1123	9	83	95	\N
5369	1123	19	182	20	\N
5370	1123	8	320	18	\N
5371	1124	13	82	30	\N
5372	1124	18	150	8	\N
5373	1124	3	410	12	\N
5374	1124	25	33	850	\N
5375	1124	12	265	22	\N
5376	1125	22	77	28	\N
5377	1125	2	102	45	\N
5378	1125	24	51	320	\N
5379	1125	15	207	8	\N
5380	1125	10	156	25	\N
5381	1126	24	57	320	\N
5382	1126	2	105	45	\N
5383	1126	23	67	18	\N
5384	1126	5	167	85	\N
5385	1126	7	240	10	\N
5386	1127	18	132	8	\N
5387	1127	19	179	20	\N
5388	1127	9	100	95	\N
5389	1127	25	30	850	\N
5390	1127	11	168	5	\N
5391	1128	15	239	8	\N
5392	1128	8	286	18	\N
5393	1128	13	86	30	\N
5394	1128	16	305	14	\N
5395	1128	4	497	6	\N
5396	1129	6	250	15	\N
5397	1129	10	130	25	\N
5398	1129	20	95	10	\N
5399	1129	1	659	8	\N
5400	1129	12	248	22	\N
5401	1130	17	115	12	\N
5402	1130	14	66	35	\N
5403	1130	22	78	28	\N
5404	1130	21	178	15	\N
5405	1130	3	447	12	\N
5406	1131	22	87	28	\N
5407	1131	21	201	15	\N
5408	1131	19	165	20	\N
5409	1131	20	81	10	\N
5410	1131	25	33	850	\N
5411	1132	4	398	6	\N
5412	1132	2	130	45	\N
5413	1132	13	83	30	\N
5414	1132	11	182	5	\N
5415	1132	12	225	22	\N
5416	1133	7	241	10	\N
5417	1133	1	642	8	\N
5418	1133	23	66	18	\N
5419	1133	16	339	14	\N
5420	1133	18	110	8	\N
5421	1134	8	291	18	\N
5422	1134	24	63	320	\N
5423	1134	14	63	35	\N
5424	1134	5	180	85	\N
5425	1134	17	115	12	\N
5426	1135	15	229	8	\N
5427	1135	9	118	95	\N
5428	1135	6	259	15	\N
5429	1135	3	479	12	\N
5430	1135	10	107	25	\N
5431	1136	14	60	35	\N
5432	1136	4	412	6	\N
5433	1136	12	239	22	\N
5434	1136	25	32	850	\N
5435	1136	15	232	8	\N
5436	1137	8	270	18	\N
5437	1137	9	106	95	\N
5438	1137	10	110	25	\N
5439	1137	21	179	15	\N
5440	1137	20	90	10	\N
5441	1138	19	164	20	\N
5442	1138	5	182	85	\N
5443	1138	6	257	15	\N
5444	1138	7	247	10	\N
5445	1138	11	164	5	\N
5446	1139	2	120	45	\N
5447	1139	16	347	14	\N
5448	1139	13	94	30	\N
5449	1139	1	609	8	\N
5450	1139	23	63	18	\N
5451	1140	22	92	28	\N
5452	1140	24	59	320	\N
5453	1140	18	114	8	\N
5454	1140	17	119	12	\N
5455	1140	3	403	12	\N
5456	1141	13	83	30	\N
5457	1141	9	111	95	\N
5458	1141	2	107	45	\N
5459	1141	21	180	15	\N
5460	1141	5	174	85	\N
5461	1142	14	61	35	\N
5462	1142	16	307	14	\N
5463	1142	1	513	8	\N
5464	1142	19	192	20	\N
5465	1142	25	29	850	\N
5466	1143	8	276	18	\N
5467	1143	20	89	10	\N
5468	1143	7	239	10	\N
5469	1143	12	244	22	\N
5470	1143	17	114	12	\N
5471	1144	15	238	8	\N
5472	1144	24	55	320	\N
5473	1144	23	58	18	\N
5474	1144	22	80	28	\N
5475	1144	3	382	12	\N
5476	1145	4	431	6	\N
5477	1145	11	157	5	\N
5478	1145	10	124	25	\N
5479	1145	18	109	8	\N
5480	1145	6	253	15	\N
5481	1146	16	317	14	\N
5482	1146	7	241	10	\N
5483	1146	8	319	18	\N
5484	1146	5	141	85	\N
5485	1146	9	87	95	\N
5486	1147	2	103	45	\N
5487	1147	1	536	8	\N
5488	1147	4	427	6	\N
5489	1147	24	49	320	\N
5490	1147	22	67	28	\N
5491	1148	20	104	10	\N
5492	1148	13	78	30	\N
5493	1148	19	185	20	\N
5494	1148	18	118	8	\N
5495	1148	14	69	35	\N
5496	1149	17	105	12	\N
5497	1149	10	133	25	\N
5498	1149	21	204	15	\N
5499	1149	12	289	22	\N
5500	1149	11	156	5	\N
5501	1150	3	382	12	\N
5502	1150	25	34	850	\N
5503	1150	23	57	18	\N
5504	1150	6	278	15	\N
5505	1150	15	236	8	\N
5506	1151	8	332	18	\N
5507	1151	15	231	8	\N
5508	1151	9	71	95	\N
5509	1151	3	376	12	\N
5510	1151	13	71	30	\N
5511	1152	24	44	320	\N
5512	1152	12	257	22	\N
5513	1152	14	68	35	\N
5514	1152	7	234	10	\N
5515	1152	4	605	6	\N
5516	1153	20	109	10	\N
5517	1153	10	180	25	\N
5518	1153	18	149	8	\N
5519	1153	16	273	14	\N
5520	1153	25	31	850	\N
5521	1154	1	465	8	\N
5522	1154	2	93	45	\N
5523	1154	11	168	5	\N
5524	1154	23	57	18	\N
5525	1154	5	145	85	\N
5526	1155	22	75	28	\N
5527	1155	19	183	20	\N
5528	1155	6	276	15	\N
5529	1155	21	218	15	\N
5530	1155	17	102	12	\N
5531	1156	6	274	15	\N
5532	1156	25	33	850	\N
5533	1156	9	60	95	\N
5534	1156	16	279	14	\N
5535	1156	4	577	6	\N
5536	1157	24	42	320	\N
5537	1157	20	117	10	\N
5538	1157	1	522	8	\N
5539	1157	22	63	28	\N
5540	1157	14	68	35	\N
5541	1158	18	159	8	\N
5542	1158	11	169	5	\N
5543	1158	10	196	25	\N
5544	1158	21	185	15	\N
5545	1158	5	114	85	\N
5546	1159	23	55	18	\N
5547	1159	2	85	45	\N
5548	1159	12	244	22	\N
5549	1159	19	188	20	\N
5550	1159	7	231	10	\N
5551	1160	8	283	18	\N
5552	1160	15	250	8	\N
5553	1160	17	107	12	\N
5554	1160	13	70	30	\N
5555	1160	3	356	12	\N
5556	1161	7	228	10	\N
5557	1161	3	321	12	\N
5558	1161	17	124	12	\N
5559	1161	15	247	8	\N
5560	1161	6	278	15	\N
5561	1162	5	146	85	\N
5562	1162	2	91	45	\N
5563	1162	8	256	18	\N
5564	1162	18	146	8	\N
5565	1162	23	55	18	\N
5566	1163	25	32	850	\N
5567	1163	20	147	10	\N
5568	1163	21	189	15	\N
5569	1163	13	88	30	\N
5570	1163	24	42	320	\N
5571	1164	9	88	95	\N
5572	1164	16	240	14	\N
5573	1164	1	421	8	\N
5574	1164	10	280	25	\N
5575	1164	19	201	20	\N
5576	1165	14	67	35	\N
5577	1165	4	506	6	\N
5578	1165	22	79	28	\N
5579	1165	11	162	5	\N
5580	1165	12	238	22	\N
5581	1166	15	252	8	\N
5582	1166	11	146	5	\N
5583	1166	24	38	320	\N
5584	1166	3	355	12	\N
5585	1166	9	97	95	\N
5586	1167	7	243	10	\N
5587	1167	23	55	18	\N
5588	1167	16	258	14	\N
5589	1167	14	61	35	\N
5590	1167	8	286	18	\N
5591	1168	6	292	15	\N
5592	1168	2	123	45	\N
5593	1168	21	176	15	\N
5594	1168	17	151	12	\N
5595	1168	1	408	8	\N
5596	1169	25	34	850	\N
5597	1169	5	198	85	\N
5598	1169	12	213	22	\N
5599	1169	20	189	10	\N
5600	1169	13	102	30	\N
5601	1170	18	129	8	\N
5602	1170	22	105	28	\N
5603	1170	19	202	20	\N
5604	1170	4	507	6	\N
5605	1170	10	323	25	\N
5606	1171	7	244	10	\N
5607	1171	1	512	8	\N
5608	1171	21	194	15	\N
5609	1171	14	67	35	\N
5610	1171	23	63	18	\N
5611	1172	12	254	22	\N
5612	1172	13	89	30	\N
5613	1172	6	311	15	\N
5614	1172	2	108	45	\N
5615	1172	22	97	28	\N
5616	1173	5	172	85	\N
5617	1173	8	288	18	\N
5618	1173	9	90	95	\N
5619	1173	3	384	12	\N
5620	1173	24	48	320	\N
5621	1174	16	273	14	\N
5622	1174	17	149	12	\N
5623	1174	18	144	8	\N
5624	1174	15	232	8	\N
5625	1174	25	35	850	\N
5626	1175	11	183	5	\N
5627	1175	4	515	6	\N
5628	1175	20	169	10	\N
5629	1175	19	182	20	\N
5630	1175	10	269	25	\N
5631	1176	22	81	28	\N
5632	1176	4	703	6	\N
5633	1176	3	400	12	\N
5634	1176	21	216	15	\N
5635	1176	17	136	12	\N
5636	1177	5	148	85	\N
5637	1177	1	526	8	\N
5638	1177	6	288	15	\N
5639	1177	25	34	850	\N
5640	1177	19	194	20	\N
5641	1178	9	81	95	\N
5642	1178	2	90	45	\N
5643	1178	10	236	25	\N
5644	1178	13	81	30	\N
5645	1178	11	171	5	\N
5646	1179	8	358	18	\N
5647	1179	7	254	10	\N
5648	1179	23	60	18	\N
5649	1179	16	303	14	\N
5650	1179	18	179	8	\N
5651	1180	14	70	35	\N
5652	1180	12	306	22	\N
5653	1180	20	139	10	\N
5654	1180	24	54	320	\N
5655	1180	15	254	8	\N
5656	1181	23	67	18	\N
5657	1181	3	490	12	\N
5658	1181	24	55	320	\N
5659	1181	10	174	25	\N
5660	1181	2	109	45	\N
5661	1182	22	79	28	\N
5662	1182	11	161	5	\N
5663	1182	7	262	10	\N
5664	1182	9	97	95	\N
5665	1182	16	329	14	\N
5666	1183	20	117	10	\N
5667	1183	15	261	8	\N
5668	1183	19	203	20	\N
5669	1183	1	585	8	\N
5670	1183	14	72	35	\N
5671	1184	8	341	18	\N
5672	1184	25	35	850	\N
5673	1184	17	120	12	\N
5674	1184	13	85	30	\N
5675	1184	18	167	8	\N
5676	1185	6	285	15	\N
5677	1185	4	660	6	\N
5678	1185	12	294	22	\N
5679	1185	21	237	15	\N
5680	1185	5	152	85	\N
5681	1186	20	100	10	\N
5682	1186	24	62	320	\N
5683	1186	1	699	8	\N
5684	1186	10	156	25	\N
5685	1186	23	73	18	\N
5686	1187	6	288	15	\N
5687	1187	22	87	28	\N
5688	1187	25	35	850	\N
5689	1187	4	584	6	\N
5690	1187	8	293	18	\N
5691	1188	9	108	95	\N
5692	1188	15	270	8	\N
5693	1188	7	252	10	\N
5694	1188	5	190	85	\N
5695	1188	3	456	12	\N
5696	1189	19	212	20	\N
5697	1189	14	67	35	\N
5698	1189	11	185	5	\N
5699	1189	17	126	12	\N
5700	1189	13	84	30	\N
5701	1190	21	202	15	\N
5702	1190	12	265	22	\N
5703	1190	2	125	45	\N
5704	1190	16	347	14	\N
5705	1190	18	145	8	\N
5706	1191	23	79	18	\N
5707	1191	13	98	30	\N
5708	1191	24	73	320	\N
5709	1191	6	315	15	\N
5710	1191	18	119	8	\N
5711	1192	19	199	20	\N
5712	1192	17	119	12	\N
5713	1192	25	37	850	\N
5714	1192	21	228	15	\N
5715	1192	10	136	25	\N
5716	1193	9	124	95	\N
5717	1193	5	181	85	\N
5718	1193	1	703	8	\N
5719	1193	3	537	12	\N
5720	1193	20	86	10	\N
5721	1194	8	309	18	\N
5722	1194	2	125	45	\N
5723	1194	14	69	35	\N
5724	1194	22	101	28	\N
5725	1194	12	286	22	\N
5726	1195	7	266	10	\N
5727	1195	11	196	5	\N
5728	1195	16	395	14	\N
5729	1195	4	429	6	\N
5730	1195	15	276	8	\N
5731	1196	24	71	320	\N
5732	1196	1	653	8	\N
5733	1196	13	91	30	\N
5734	1196	16	358	14	\N
5735	1196	11	193	5	\N
5736	1197	15	245	8	\N
5737	1197	3	487	12	\N
5738	1197	2	134	45	\N
5739	1197	7	279	10	\N
5740	1197	12	274	22	\N
5741	1198	21	203	15	\N
5742	1198	18	128	8	\N
5743	1198	9	133	95	\N
5744	1198	10	127	25	\N
5745	1198	19	185	20	\N
5746	1199	8	317	18	\N
5747	1199	5	183	85	\N
5748	1199	25	38	850	\N
5749	1199	20	90	10	\N
5750	1199	4	484	6	\N
5751	1200	6	297	15	\N
5752	1200	14	68	35	\N
5753	1200	22	96	28	\N
5754	1200	23	74	18	\N
5755	1200	17	130	12	\N
5756	1201	23	61	18	\N
5757	1201	9	118	95	\N
5758	1201	15	257	8	\N
5759	1201	18	127	8	\N
5760	1201	22	84	28	\N
5761	1202	16	321	14	\N
5762	1202	1	573	8	\N
5763	1202	24	64	320	\N
5764	1202	7	254	10	\N
5765	1202	25	35	850	\N
5766	1203	20	100	10	\N
5767	1203	10	127	25	\N
5768	1203	6	323	15	\N
5769	1203	19	189	20	\N
5770	1203	21	200	15	\N
5771	1204	8	293	18	\N
5772	1204	14	67	35	\N
5773	1204	4	426	6	\N
5774	1204	2	127	45	\N
5775	1204	12	266	22	\N
5776	1205	17	125	12	\N
5777	1205	3	418	12	\N
5778	1205	5	195	85	\N
5779	1205	13	96	30	\N
5780	1205	11	194	5	\N
5781	1206	4	485	6	\N
5782	1206	14	66	35	\N
5783	1206	21	255	15	\N
5784	1206	25	35	850	\N
5785	1206	23	66	18	\N
5786	1207	1	620	8	\N
5787	1207	18	147	8	\N
5788	1207	8	380	18	\N
5789	1207	11	172	5	\N
5790	1207	12	296	22	\N
5791	1208	20	116	10	\N
5792	1208	7	293	10	\N
5793	1208	15	256	8	\N
5794	1208	2	118	45	\N
5795	1208	3	451	12	\N
5796	1209	16	325	14	\N
5797	1209	19	213	20	\N
5798	1209	10	148	25	\N
5799	1209	9	104	95	\N
5800	1209	5	160	85	\N
5801	1210	24	55	320	\N
5802	1210	13	84	30	\N
5803	1210	22	78	28	\N
5804	1210	6	304	15	\N
5805	1210	17	119	12	\N
5806	1211	15	274	8	\N
5807	1211	12	285	22	\N
5808	1211	4	689	6	\N
5809	1211	6	327	15	\N
5810	1211	3	404	12	\N
5811	1212	1	501	8	\N
5812	1212	18	163	8	\N
5813	1212	11	191	5	\N
5814	1212	19	208	20	\N
5815	1212	7	284	10	\N
5816	1213	24	50	320	\N
5817	1213	17	120	12	\N
5818	1213	25	37	850	\N
5819	1213	20	115	10	\N
5820	1213	2	112	45	\N
5821	1214	13	88	30	\N
5822	1214	14	64	35	\N
5823	1214	23	69	18	\N
5824	1214	9	81	95	\N
5825	1214	8	348	18	\N
5826	1215	10	195	25	\N
5827	1215	21	239	15	\N
5828	1215	5	151	85	\N
5829	1215	16	315	14	\N
5830	1215	22	77	28	\N
5831	1216	14	70	35	\N
5832	1216	22	70	28	\N
5833	1216	5	141	85	\N
5834	1216	12	269	22	\N
5835	1216	10	228	25	\N
5836	1217	25	39	850	\N
5837	1217	13	70	30	\N
5838	1217	21	213	15	\N
5839	1217	20	136	10	\N
5840	1217	18	181	8	\N
5841	1218	7	273	10	\N
5842	1218	15	266	8	\N
5843	1218	16	290	14	\N
5844	1218	3	405	12	\N
5845	1218	9	68	95	\N
5846	1219	19	211	20	\N
5847	1219	17	120	12	\N
5848	1219	8	317	18	\N
5849	1219	6	308	15	\N
5850	1219	24	42	320	\N
5851	1220	11	182	5	\N
5852	1220	1	549	8	\N
5853	1220	4	714	6	\N
5854	1220	23	58	18	\N
5855	1220	2	93	45	\N
5856	1221	13	88	30	\N
5857	1221	9	90	95	\N
5858	1221	7	295	10	\N
5859	1221	20	158	10	\N
5860	1221	22	83	28	\N
5861	1222	4	621	6	\N
5862	1222	2	107	45	\N
5863	1222	3	389	12	\N
5864	1222	15	273	8	\N
5865	1222	12	257	22	\N
5866	1223	17	145	12	\N
5867	1223	1	523	8	\N
5868	1223	19	211	20	\N
5869	1223	8	309	18	\N
5870	1223	14	73	35	\N
5871	1224	11	158	5	\N
5872	1224	24	48	320	\N
5873	1224	5	180	85	\N
5874	1224	10	279	25	\N
5875	1224	16	299	14	\N
5876	1225	25	37	850	\N
5877	1225	18	171	8	\N
5878	1225	6	340	15	\N
5879	1225	21	191	15	\N
5880	1225	23	62	18	\N
5881	1226	22	117	28	\N
5882	1226	2	136	45	\N
5883	1226	4	577	6	\N
5884	1226	15	298	8	\N
5885	1226	16	296	14	\N
5886	1227	24	43	320	\N
5887	1227	8	292	18	\N
5888	1227	3	361	12	\N
5889	1227	11	179	5	\N
5890	1227	18	141	8	\N
5891	1228	9	109	95	\N
5892	1228	19	210	20	\N
5893	1228	10	342	25	\N
5894	1228	1	519	8	\N
5895	1228	13	105	30	\N
5896	1229	17	184	12	\N
5897	1229	7	279	10	\N
5898	1229	5	224	85	\N
5899	1229	6	320	15	\N
5900	1229	14	65	35	\N
5901	1230	21	206	15	\N
5902	1230	20	191	10	\N
5903	1230	25	35	850	\N
5904	1230	12	261	22	\N
5905	1230	23	57	18	\N
5906	1231	3	414	12	\N
5907	1231	6	354	15	\N
5908	1231	25	40	850	\N
5909	1231	19	200	20	\N
5910	1231	4	594	6	\N
5911	1232	21	221	15	\N
5912	1232	23	65	18	\N
5913	1232	14	73	35	\N
5914	1232	8	323	18	\N
5915	1232	2	122	45	\N
5916	1233	12	271	22	\N
5917	1233	1	563	8	\N
5918	1233	13	104	30	\N
5919	1233	17	159	12	\N
5920	1233	15	258	8	\N
5921	1234	20	172	10	\N
5922	1234	24	49	320	\N
5923	1234	5	190	85	\N
5924	1234	18	167	8	\N
5925	1234	22	94	28	\N
5926	1235	10	309	25	\N
5927	1235	11	200	5	\N
5928	1235	9	107	95	\N
5929	1235	16	324	14	\N
5930	1235	7	296	10	\N
5931	1236	22	89	28	\N
5932	1236	3	448	12	\N
5933	1236	14	72	35	\N
5934	1236	13	96	30	\N
5935	1236	16	362	14	\N
5936	1237	23	68	18	\N
5937	1237	18	212	8	\N
5938	1237	9	95	95	\N
5939	1237	2	105	45	\N
5940	1237	4	742	6	\N
5941	1238	8	359	18	\N
5942	1238	11	197	5	\N
5943	1238	10	253	25	\N
5944	1238	25	41	850	\N
5945	1238	24	54	320	\N
5946	1239	5	188	85	\N
5947	1239	7	294	10	\N
5948	1239	12	316	22	\N
5949	1239	15	291	8	\N
5950	1239	6	352	15	\N
5951	1240	21	240	15	\N
5952	1240	20	144	10	\N
5953	1240	1	579	8	\N
5954	1240	19	226	20	\N
5955	1240	17	148	12	\N
5956	1241	8	363	18	\N
5957	1241	23	73	18	\N
5958	1241	12	306	22	\N
5959	1241	11	198	5	\N
5960	1241	1	642	8	\N
5961	1242	10	172	25	\N
5962	1242	15	263	8	\N
5963	1242	7	294	10	\N
5964	1242	6	333	15	\N
5965	1242	22	93	28	\N
5966	1243	16	410	14	\N
5967	1243	4	790	6	\N
5968	1243	17	141	12	\N
5969	1243	2	114	45	\N
5970	1243	19	233	20	\N
5971	1244	21	234	15	\N
5972	1244	9	106	95	\N
5973	1244	5	181	85	\N
5974	1244	20	120	10	\N
5975	1244	18	196	8	\N
5976	1245	3	505	12	\N
5977	1245	13	90	30	\N
5978	1245	24	68	320	\N
5979	1245	14	76	35	\N
5980	1245	25	40	850	\N
5981	1246	19	211	20	\N
5982	1246	10	161	25	\N
5983	1246	23	70	18	\N
5984	1246	5	196	85	\N
5985	1246	13	102	30	\N
5986	1247	11	217	5	\N
5987	1247	18	153	8	\N
5988	1247	6	329	15	\N
5989	1247	4	634	6	\N
5990	1247	15	280	8	\N
5991	1248	9	125	95	\N
5992	1248	20	115	10	\N
5993	1248	14	75	35	\N
5994	1248	3	512	12	\N
5995	1248	7	316	10	\N
5996	1249	12	277	22	\N
5997	1249	16	401	14	\N
5998	1249	21	235	15	\N
5999	1249	25	40	850	\N
6000	1249	22	86	28	\N
6001	1250	2	139	45	\N
6002	1250	1	712	8	\N
6003	1250	17	137	12	\N
6004	1250	24	69	320	\N
6005	1250	8	347	18	\N
6006	1251	20	107	10	\N
6007	1251	6	374	15	\N
6008	1251	13	105	30	\N
6009	1251	4	535	6	\N
6010	1251	1	808	8	\N
6011	1252	11	254	5	\N
6012	1252	25	37	850	\N
6013	1252	16	457	14	\N
6014	1252	7	282	10	\N
6015	1252	22	97	28	\N
6016	1253	24	74	320	\N
6017	1253	18	131	8	\N
6018	1253	10	145	25	\N
6019	1253	21	230	15	\N
6020	1253	19	222	20	\N
6021	1254	15	301	8	\N
6022	1254	12	319	22	\N
6023	1254	14	75	35	\N
6024	1254	17	127	12	\N
6025	1254	8	370	18	\N
6026	1255	2	142	45	\N
6027	1255	3	580	12	\N
6028	1255	9	146	95	\N
6029	1255	23	85	18	\N
6030	1255	5	210	85	\N
6031	1256	21	232	15	\N
6032	1256	10	132	25	\N
6033	1256	16	432	14	\N
6034	1256	11	231	5	\N
6035	1256	24	71	320	\N
6036	1257	9	145	95	\N
6037	1257	20	101	10	\N
6038	1257	6	367	15	\N
6039	1257	7	304	10	\N
6040	1257	12	300	22	\N
6041	1258	3	585	12	\N
6042	1258	17	134	12	\N
6043	1258	14	72	35	\N
6044	1258	25	38	850	\N
6045	1258	2	152	45	\N
6046	1259	5	218	85	\N
6047	1259	19	227	20	\N
6048	1259	23	71	18	\N
6049	1259	4	495	6	\N
6050	1259	8	334	18	\N
6051	1260	22	113	28	\N
6052	1260	18	136	8	\N
6053	1260	15	273	8	\N
6054	1260	13	105	30	\N
6055	1260	1	734	8	\N
6056	1261	22	96	28	\N
6057	1261	3	528	12	\N
6058	1261	14	76	35	\N
6059	1261	25	42	850	\N
6060	1261	2	148	45	\N
6061	1262	20	98	10	\N
6062	1262	7	312	10	\N
6063	1262	15	313	8	\N
6064	1262	8	369	18	\N
6065	1262	23	75	18	\N
6066	1263	5	206	85	\N
6067	1263	24	68	320	\N
6068	1263	4	493	6	\N
6069	1263	10	152	25	\N
6070	1263	21	250	15	\N
6071	1264	1	650	8	\N
6072	1264	6	335	15	\N
6073	1264	9	121	95	\N
6074	1264	13	94	30	\N
6075	1264	11	202	5	\N
6076	1265	17	132	12	\N
6077	1265	19	235	20	\N
6078	1265	12	330	22	\N
6079	1265	16	392	14	\N
6080	1265	18	132	8	\N
6081	1266	20	115	10	\N
6082	1266	14	76	35	\N
6083	1266	1	618	8	\N
6084	1266	9	110	95	\N
6085	1266	21	280	15	\N
6086	1267	11	206	5	\N
6087	1267	8	424	18	\N
6088	1267	7	334	10	\N
6089	1267	15	288	8	\N
6090	1267	18	156	8	\N
6091	1268	16	350	14	\N
6092	1268	22	84	28	\N
6093	1268	6	352	15	\N
6094	1268	2	129	45	\N
6095	1268	10	179	25	\N
6096	1269	13	85	30	\N
6097	1269	24	64	320	\N
6098	1269	3	497	12	\N
6099	1269	12	359	22	\N
6100	1269	17	131	12	\N
6101	1270	4	583	6	\N
6102	1270	25	38	850	\N
6103	1270	23	69	18	\N
6104	1270	19	244	20	\N
6105	1270	5	183	85	\N
6106	1271	25	44	850	\N
6107	1271	9	81	95	\N
6108	1271	22	93	28	\N
6109	1271	13	84	30	\N
6110	1271	23	66	18	\N
6111	1272	24	57	320	\N
6112	1272	11	219	5	\N
6113	1272	7	316	10	\N
6114	1272	18	195	8	\N
6115	1272	14	72	35	\N
6116	1273	12	349	22	\N
6117	1273	17	128	12	\N
6118	1273	5	158	85	\N
6119	1273	20	124	10	\N
6120	1273	1	557	8	\N
6121	1274	10	199	25	\N
6122	1274	2	108	45	\N
6123	1274	3	448	12	\N
6124	1274	15	285	8	\N
6125	1274	6	387	15	\N
6126	1275	8	427	18	\N
6127	1275	21	254	15	\N
6128	1275	19	237	20	\N
6129	1275	16	334	14	\N
6130	1275	4	715	6	\N
6131	1276	17	133	12	\N
6132	1276	14	80	35	\N
6133	1276	13	81	30	\N
6134	1276	16	329	14	\N
6135	1276	4	779	6	\N
6136	1277	5	154	85	\N
6137	1277	7	318	10	\N
6138	1277	24	51	320	\N
6139	1277	19	253	20	\N
6140	1277	22	74	28	\N
6141	1278	11	217	5	\N
6142	1278	25	39	850	\N
6143	1278	3	462	12	\N
6144	1278	1	649	8	\N
6145	1278	10	239	25	\N
6146	1279	18	224	8	\N
6147	1279	8	393	18	\N
6148	1279	21	225	15	\N
6149	1279	20	148	10	\N
6150	1279	23	63	18	\N
6151	1280	9	78	95	\N
6152	1280	2	104	45	\N
6153	1280	15	310	8	\N
6154	1280	6	367	15	\N
6155	1280	12	314	22	\N
6156	1281	9	100	95	\N
6157	1281	15	289	8	\N
6158	1281	6	374	15	\N
6159	1281	16	297	14	\N
6160	1281	20	179	10	\N
6161	1282	3	443	12	\N
6162	1282	2	123	45	\N
6163	1282	1	556	8	\N
6164	1282	17	171	12	\N
6165	1282	13	96	30	\N
6166	1283	18	186	8	\N
6167	1283	8	323	18	\N
6168	1283	11	185	5	\N
6169	1283	7	328	10	\N
6170	1283	5	183	85	\N
6171	1284	14	75	35	\N
6172	1284	12	283	22	\N
6173	1284	10	294	25	\N
6174	1284	21	229	15	\N
6175	1284	23	60	18	\N
6176	1285	22	104	28	\N
6177	1285	4	719	6	\N
6178	1285	24	47	320	\N
6179	1285	25	40	850	\N
6180	1285	19	249	20	\N
6181	1286	10	341	25	\N
6182	1286	18	149	8	\N
6183	1286	20	227	10	\N
6184	1286	3	443	12	\N
6185	1286	5	222	85	\N
6186	1287	16	296	14	\N
6187	1287	14	77	35	\N
6188	1287	19	240	20	\N
6189	1287	25	45	850	\N
6190	1287	6	409	15	\N
6191	1288	4	585	6	\N
6192	1288	1	571	8	\N
6193	1288	17	181	12	\N
6194	1288	22	122	28	\N
6195	1288	11	203	5	\N
6196	1289	13	121	30	\N
6197	1289	23	62	18	\N
6198	1289	21	214	15	\N
6199	1289	9	120	95	\N
6200	1289	7	331	10	\N
6201	1290	12	316	22	\N
6202	1290	24	55	320	\N
6203	1290	15	333	8	\N
6204	1290	2	145	45	\N
6205	1290	8	343	18	\N
6206	1291	2	131	45	\N
6207	1291	7	317	10	\N
6208	1291	6	410	15	\N
6209	1291	25	42	850	\N
6210	1291	8	394	18	\N
6211	1292	14	79	35	\N
6212	1292	1	591	8	\N
6213	1292	13	113	30	\N
6214	1292	24	61	320	\N
6215	1292	21	264	15	\N
6216	1293	23	77	18	\N
6217	1293	5	229	85	\N
6218	1293	15	303	8	\N
6219	1293	12	307	22	\N
6220	1293	18	169	8	\N
6221	1294	17	187	12	\N
6222	1294	19	247	20	\N
6223	1294	20	192	10	\N
6224	1294	9	105	95	\N
6225	1294	11	225	5	\N
6226	1295	3	488	12	\N
6227	1295	16	351	14	\N
6228	1295	4	651	6	\N
6229	1295	22	102	28	\N
6230	1295	10	354	25	\N
6231	1296	11	219	5	\N
6232	1296	18	217	8	\N
6233	1296	5	191	85	\N
6234	1296	15	336	8	\N
6235	1296	9	94	95	\N
6236	1297	12	371	22	\N
6237	1297	2	122	45	\N
6238	1297	8	415	18	\N
6239	1297	22	109	28	\N
6240	1297	6	382	15	\N
6241	1298	25	42	850	\N
6242	1298	19	225	20	\N
6243	1298	24	64	320	\N
6244	1298	23	77	18	\N
6245	1298	1	659	8	\N
6246	1299	14	79	35	\N
6247	1299	10	292	25	\N
6248	1299	21	258	15	\N
6249	1299	13	101	30	\N
6250	1299	4	924	6	\N
6251	1300	17	174	12	\N
6252	1300	7	329	10	\N
6253	1300	16	397	14	\N
6254	1300	3	543	12	\N
6255	1300	20	170	10	\N
6256	1301	24	79	320	\N
6257	1301	25	45	850	\N
6258	1301	14	79	35	\N
6259	1301	15	301	8	\N
6260	1301	20	146	10	\N
6261	1302	22	103	28	\N
6262	1302	17	149	12	\N
6263	1302	21	261	15	\N
6264	1302	2	138	45	\N
6265	1302	3	613	12	\N
6266	1303	9	111	95	\N
6267	1303	10	205	25	\N
6268	1303	19	254	20	\N
6269	1303	23	73	18	\N
6270	1303	4	904	6	\N
6271	1304	5	187	85	\N
6272	1304	18	206	8	\N
6273	1304	8	406	18	\N
6274	1304	1	732	8	\N
6275	1304	13	100	30	\N
6276	1305	6	389	15	\N
6277	1305	7	317	10	\N
6278	1305	12	371	22	\N
6279	1305	16	468	14	\N
6280	1305	11	223	5	\N
6281	1306	25	46	850	\N
6282	1306	6	387	15	\N
6283	1306	10	184	25	\N
6284	1306	22	96	28	\N
6285	1306	14	81	35	\N
6286	1307	7	347	10	\N
6287	1307	18	179	8	\N
6288	1307	24	85	320	\N
6289	1307	20	136	10	\N
6290	1307	17	145	12	\N
6291	1308	15	309	8	\N
6292	1308	12	332	22	\N
6293	1308	2	147	45	\N
6294	1308	9	142	95	\N
6295	1308	13	108	30	\N
6296	1309	21	239	15	\N
6297	1309	5	229	85	\N
6298	1309	16	478	14	\N
6299	1309	19	263	20	\N
6300	1309	4	671	6	\N
6301	1310	3	618	12	\N
6302	1310	23	86	18	\N
6303	1310	1	862	8	\N
6304	1310	8	414	18	\N
6305	1310	11	255	5	\N
6306	1311	19	258	20	\N
6307	1311	21	251	15	\N
6308	1311	20	118	10	\N
6309	1311	24	89	320	\N
6310	1311	8	426	18	\N
6311	1312	7	362	10	\N
6312	1312	5	258	85	\N
6313	1312	6	428	15	\N
6314	1312	23	84	18	\N
6315	1312	13	116	30	\N
6316	1313	10	153	25	\N
6317	1313	18	150	8	\N
6318	1313	17	149	12	\N
6319	1313	22	120	28	\N
6320	1313	12	318	22	\N
6321	1314	1	979	8	\N
6322	1314	11	262	5	\N
6323	1314	9	148	95	\N
6324	1314	3	668	12	\N
6325	1314	2	167	45	\N
6326	1315	15	336	8	\N
6327	1315	14	72	35	\N
6328	1315	4	541	6	\N
6329	1315	25	45	850	\N
6330	1315	16	497	14	\N
6331	1316	0	1	500	\N
6332	1316	0	1	1500	\N
6333	1317	7	12	10	\N
6334	1317	10	12	25	\N
6335	1317	13	12	30	\N
6336	1317	1	12	8	\N
6337	1318	0	1	500	\N
6338	1318	0	1	150	\N
6339	1319	9	1	95	\N
6340	1319	13	45	30	\N
6341	1319	3	6	12	\N
6342	1319	2	3	45	\N
6343	1320	0	1	150	\N
6344	1320	0	1	1100	\N
6345	1321	0	1	150	\N
6346	1321	0	1	1500	\N
6378	1354	0	1	500	\N
6379	1354	0	1	1100	\N
6380	1354	0	1	250	\N
6381	1355	1	6	8	\N
6382	1355	10	9	25	\N
6383	1355	3	6	12	\N
6384	1355	25	9	850	\N
6385	1356	0	1	150	\N
6386	1356	0	1	1200	\N
6387	1357	0	1	1100	\N
6388	1357	0	1	500	\N
6389	1358	0	1	500	\N
6390	1359	0	1	500	Complete Blood Count (CBC)
6391	1359	0	1	1200	Liver Function Test (LFT)
6392	1359	0	1	250	Urine Routine Examination
6393	1360	10	135	25	\N
6394	1360	4	135	6	\N
6395	1360	19	60	20	\N
6396	1361	0	1	500	Consultation Fee
6397	1362	0	1	500	Consultation Fee
6398	1363	0	1	500	Complete Blood Count (CBC)
6399	1363	0	1	150	Random Blood Sugar (RBS)
6400	1363	0	1	1100	Kidney Function Test (KFT)
6401	1364	0	1	500	\N
6402	1365	0	1	500	\N
6403	1366	0	1	500	Complete Blood Count (CBC)
6404	1366	0	1	1200	Liver Function Test (LFT)
6405	1366	0	1	1100	Kidney Function Test (KFT)
6406	1366	0	1	250	Urine Routine Examination
6407	1366	0	1	1000	Thyroid Profile (T3, T4, TSH)
6408	1367	1	216	8	\N
6409	1367	5	48	85	\N
6410	1367	3	216	12	\N
6411	1368	1	6	8	\N
6412	1368	10	9	25	\N
6413	1368	3	6	12	\N
6414	1368	25	9	850	\N
6415	1369	0	1	500	\N
6416	1370	0	1	500	Complete Blood Count (CBC)
6417	1370	0	1	1500	Lipid Profile
6418	1370	0	1	250	Urine Routine Examination
6419	1371	3	9	12	\N
6420	1371	25	9	850	\N
6421	1371	1	9	8	\N
6422	1371	9	1	95	\N
6423	1372	0	1	300	Self Follow-up Visit
6424	1373	0	1	500	Complete Blood Count (CBC)
6425	1373	0	1	1200	Liver Function Test (LFT)
6426	1374	25	90	850	\N
6427	1374	1	90	8	\N
6428	1374	9	10	95	\N
6429	1375	0	1	500	Consultation Fee (Dr. Anil Bahadur Gurung — Cardiologist)
6430	1376	0	1	500	Complete Blood Count (CBC)
6431	1376	0	1	1500	Lipid Profile
6432	1377	0	1	0	Follow-up Visit (Dr. Anil Bahadur Gurung — Cardiologist)
6433	1378	0	1	500	Consultation Fee (Dr. Sunita Rai — Dermatologist)
6434	1379	0	1	500	Consultation Fee (Dr. Anil Bahadur Gurung — Cardiologist)
6435	1380	0	1	500	Complete Blood Count (CBC)
6436	1380	0	1	1100	Kidney Function Test (KFT)
6437	1380	0	1	1500	Lipid Profile
6438	1381	0	1	0	Follow-up Visit (Dr. Anil Bahadur Gurung — Cardiologist)
6439	1382	3	15	12	\N
6440	1382	1	6	8	\N
6441	1382	9	1	95	\N
6442	1382	24	1	320	\N
6443	1383	0	1	500	Consultation Fee (Dr. Sita Devi Adhikari — Gynecologist)
6444	1384	0	1	500	Complete Blood Count (CBC)
6445	1384	0	1	1500	Lipid Profile
6446	1385	0	1	0	Follow-up Visit (Dr. Nikesh Oli — —)
6447	1386	9	12	95	\N
6448	1386	25	36	850	\N
6449	1386	6	48	15	\N
6450	1386	3	9	12	\N
6451	1387	0	1	300	Self Follow-up Visit
6452	1388	0	1	500	Complete Blood Count (CBC)
6453	1388	0	1	250	Urine Routine Examination
6454	1389	9	10	95	\N
6455	1389	1	90	8	\N
6456	1390	9	1	95	\N
6457	1390	1	9	8	\N
6458	1391	0	1	500	Consultation Fee (Dr. Rajesh Kumar Sharma — General Physician)
6459	1392	0	1	500	Complete Blood Count (CBC)
6460	1392	0	1	1200	Liver Function Test (LFT)
6461	1392	0	1	1100	Kidney Function Test (KFT)
6462	1393	0	1	0	Follow-up Visit (Dr. Rajesh Kumar Sharma — General Physician)
6463	1394	16	144	14	\N
6464	1394	1	216	8	\N
\.


--
-- Data for Name: bills; Type: TABLE DATA; Schema: public; Owner: postgres
--

COPY public.bills (id, patient_id, total_amount, discount, net_total, status, created_at, payment_method, bill_type) FROM stdin;
1316	241	0	20	0	paid	2026-03-31 05:32:10.306414	cash	pharmacy
1354	244	0	10	0	paid	2026-03-31 13:14:58.002229	qr	pharmacy
1358	248	500	0	500	paid	2026-04-01 00:19:20.007032	cash	pharmacy
1363	250	1750	10	1575	paid	2026-04-01 01:50:01.952627	cash	pharmacy
1365	252	500	0	500	paid	2026-04-01 03:24:35.786269	qr	pharmacy
1370	253	2250	10	2025	paid	2026-04-01 08:46:20.014768	qr	pharmacy
1379	256	500	0	500	paid	2026-04-01 14:06:37.798547	cash	pharmacy
1384	257	2000	10	1800	paid	2026-04-02 00:59:24.926162	qr	pharmacy
1385	257	0	0	0	paid	2026-04-02 01:02:21.02597	follow-up	pharmacy
1391	258	500	0	500	paid	2026-04-02 01:43:13.834321	cash	counter
1317	241	876	10	788.4	paid	2026-03-31 05:39:57.142096		pharmacy
1355	244	7995	0	7995	paid	2026-03-31 13:26:53.341453	cash	pharmacy
1359	248	1950	10	1755	paid	2026-04-01 00:32:28.321295	qr	pharmacy
1364	251	500	0	500	paid	2026-04-01 02:03:26.234879	qr	pharmacy
1366	252	4050	48	2106	paid	2026-04-01 03:26:32.880684	cash	pharmacy
1371	253	7925	0	7925	paid	2026-04-01 08:57:19.152477	qr	pharmacy
1380	256	3100	15	2635	paid	2026-04-01 14:09:14.319702	qr	pharmacy
1381	256	0	0	0	paid	2026-04-01 14:11:33.345249	follow-up	pharmacy
1386	257	32568	0	32568	paid	2026-04-02 01:14:30.46517	cash	pharmacy
1392	258	2800	0	2800	paid	2026-04-02 01:45:02.057556	cash	lab
1393	258	0	0	0	paid	2026-04-02 01:45:57.11559	follow-up	counter
1318	243	0	0	0	paid	2026-03-31 06:19:50.281027	cash	pharmacy
1356	241	0	10	0	paid	2026-03-31 14:47:44.04219	qr	pharmacy
1360	248	5385	20	4308	paid	2026-04-01 00:59:23.215003	qr	pharmacy
1367	252	8400	10	7560	paid	2026-04-01 03:32:49.278145	qr	pharmacy
1372	253	300	0	300	paid	2026-04-01 09:15:16.184143	qr	pharmacy
1374	253	78170	0	78170	paid	2026-04-01 09:30:55.849066	qr	pharmacy
1377	254	0	0	0	paid	2026-04-01 09:36:21.20253	follow-up	pharmacy
1382	256	643	10	578.7	paid	2026-04-01 14:13:18.757233	qr	pharmacy
1387	257	300	0	300	paid	2026-04-02 01:35:51.30964	cash	counter
1389	257	1670	0	1670	paid	2026-04-02 01:39:02.807135	cash	pharmacy
1390	257	167	0	167	paid	2026-04-02 01:39:20.758252	qr	pharmacy
1394	258	3744	0	3744	paid	2026-04-02 01:49:11.711371	qr	pharmacy
1319	243	1652	10	1486.8	paid	2026-03-31 06:31:29.091956	qr	pharmacy
1320	241	0	60	0	paid	2026-03-31 06:38:09.254699	cash	pharmacy
1321	140	0	10	0	paid	2026-03-31 07:08:08.87643	qr	pharmacy
1357	241	0	0	0	paid	2026-03-31 14:57:20.697069	qr	pharmacy
1361	249	500	0	500	paid	2026-04-01 01:30:37.168579	cash	pharmacy
1368	244	7995	10	7195.5	paid	2026-04-01 04:27:18.743949	qr	pharmacy
1373	253	1700	0	1700	paid	2026-04-01 09:24:37.853698	qr	pharmacy
1375	254	500	0	500	paid	2026-04-01 09:32:15.142526	qr	pharmacy
1378	255	500	0	500	paid	2026-04-01 09:40:44.135171	qr	pharmacy
1016	140	32408	0	32408	paid	2021-01-05 10:00:00	cash	pharmacy
1017	140	10481	0	10481	paid	2021-01-10 10:00:00	qr	pharmacy
1018	140	15037	0	15037	paid	2021-01-14 16:00:00	cash	pharmacy
1019	140	30551	0	30551	paid	2021-01-20 11:00:00	card	pharmacy
1020	140	19197	0	19197	paid	2021-01-23 14:00:00	cash	pharmacy
1021	140	14784	0	14784	paid	2021-02-03 11:00:00	qr	pharmacy
1022	140	22531	0	22531	paid	2021-02-10 13:00:00	cash	pharmacy
1023	140	30728	0	30728	paid	2021-02-15 14:00:00	card	pharmacy
1024	140	26773	0	26773	paid	2021-02-18 10:00:00	card	pharmacy
1025	140	8624	0	8624	paid	2021-02-25 09:00:00	cash	pharmacy
1026	140	25540	0	25540	paid	2021-03-04 16:00:00	cash	pharmacy
1027	140	9880	0	9880	paid	2021-03-08 09:00:00	qr	pharmacy
1028	140	11341	0	11341	paid	2021-03-13 11:00:00	cash	pharmacy
1029	140	18307	0	18307	paid	2021-03-18 10:00:00	cash	pharmacy
1030	140	35198	0	35198	paid	2021-03-23 15:00:00	qr	pharmacy
1031	140	40329	0	40329	paid	2021-04-04 13:00:00	qr	pharmacy
1032	140	18899	0	18899	paid	2021-04-08 12:00:00	cash	pharmacy
1033	140	10399	0	10399	paid	2021-04-15 16:00:00	cash	pharmacy
1034	140	11435	0	11435	paid	2021-04-20 10:00:00	cash	pharmacy
1035	140	18136	0	18136	paid	2021-04-25 10:00:00	cash	pharmacy
1036	140	11881	0	11881	paid	2021-05-03 16:00:00	card	pharmacy
1037	140	16648	0	16648	paid	2021-05-09 10:00:00	cash	pharmacy
1038	140	33696	0	33696	paid	2021-05-15 14:00:00	cash	pharmacy
1039	140	12386	0	12386	paid	2021-05-18 15:00:00	qr	pharmacy
1040	140	21485	0	21485	paid	2021-05-25 15:00:00	cash	pharmacy
1041	140	15178	0	15178	paid	2021-06-04 09:00:00	cash	pharmacy
1042	140	36500	0	36500	paid	2021-06-09 11:00:00	qr	pharmacy
1043	140	7606	0	7606	paid	2021-06-14 13:00:00	cash	pharmacy
1044	140	24533	0	24533	paid	2021-06-19 14:00:00	cash	pharmacy
1045	140	17652	0	17652	paid	2021-06-23 13:00:00	card	pharmacy
1046	140	40614	0	40614	paid	2021-07-04 15:00:00	cash	pharmacy
1047	140	25778	0	25778	paid	2021-07-10 13:00:00	cash	pharmacy
1048	140	10049	0	10049	paid	2021-07-14 16:00:00	cash	pharmacy
1049	140	12975	0	12975	paid	2021-07-19 14:00:00	cash	pharmacy
1050	140	18209	0	18209	paid	2021-07-23 12:00:00	qr	pharmacy
1051	140	29489	0	29489	paid	2021-08-05 16:00:00	card	pharmacy
1052	140	15410	0	15410	paid	2021-08-09 12:00:00	cash	pharmacy
1053	140	26061	0	26061	paid	2021-08-13 11:00:00	qr	pharmacy
1054	140	12005	0	12005	paid	2021-08-19 09:00:00	card	pharmacy
1055	140	24371	0	24371	paid	2021-08-24 16:00:00	card	pharmacy
1056	140	12626	0	12626	paid	2021-09-03 15:00:00	cash	pharmacy
1057	140	23898	0	23898	paid	2021-09-09 13:00:00	cash	pharmacy
1058	140	13676	0	13676	paid	2021-09-14 12:00:00	cash	pharmacy
1059	140	17134	0	17134	paid	2021-09-20 11:00:00	cash	pharmacy
1060	140	41714	0	41714	paid	2021-09-23 10:00:00	qr	pharmacy
1061	140	38142	0	38142	paid	2021-10-05 16:00:00	card	pharmacy
1062	140	16441	0	16441	paid	2021-10-09 16:00:00	cash	pharmacy
1063	140	27431	0	27431	paid	2021-10-14 12:00:00	cash	pharmacy
1064	140	18364	0	18364	paid	2021-10-19 12:00:00	cash	pharmacy
1065	140	12462	0	12462	paid	2021-10-25 12:00:00	qr	pharmacy
1066	140	36086	0	36086	paid	2021-11-04 10:00:00	card	pharmacy
1067	140	7160	0	7160	paid	2021-11-10 13:00:00	cash	pharmacy
1068	140	41035	0	41035	paid	2021-11-14 09:00:00	cash	pharmacy
1069	140	15466	0	15466	paid	2021-11-20 13:00:00	cash	pharmacy
1070	140	17067	0	17067	paid	2021-11-23 15:00:00	cash	pharmacy
1071	140	43175	0	43175	paid	2021-12-03 12:00:00	cash	pharmacy
1072	140	14773	0	14773	paid	2021-12-08 13:00:00	card	pharmacy
1073	140	24251	0	24251	paid	2021-12-15 12:00:00	cash	pharmacy
1074	140	23100	0	23100	paid	2021-12-18 13:00:00	qr	pharmacy
1075	140	13696	0	13696	paid	2021-12-24 16:00:00	cash	pharmacy
1076	140	10646	0	10646	paid	2022-01-05 10:00:00	card	pharmacy
1077	140	11926	0	11926	paid	2022-01-08 16:00:00	cash	pharmacy
1078	140	43227	0	43227	paid	2022-01-15 16:00:00	cash	pharmacy
1079	140	38819	0	38819	paid	2022-01-18 13:00:00	card	pharmacy
1080	140	15268	0	15268	paid	2022-01-23 11:00:00	qr	pharmacy
1081	140	25799	0	25799	paid	2022-02-03 13:00:00	card	pharmacy
1082	140	12991	0	12991	paid	2022-02-09 14:00:00	cash	pharmacy
1083	140	39416	0	39416	paid	2022-02-15 15:00:00	qr	pharmacy
1084	140	15112	0	15112	paid	2022-02-19 11:00:00	qr	pharmacy
1085	140	23888	0	23888	paid	2022-02-23 16:00:00	cash	pharmacy
1086	140	33865	0	33865	paid	2022-03-04 10:00:00	cash	pharmacy
1087	140	15934	0	15934	paid	2022-03-09 09:00:00	cash	pharmacy
1088	140	23182	0	23182	paid	2022-03-13 11:00:00	cash	pharmacy
1089	140	35588	0	35588	paid	2022-03-19 13:00:00	cash	pharmacy
1090	140	7902	0	7902	paid	2022-03-23 16:00:00	cash	pharmacy
1091	140	16389	0	16389	paid	2022-04-05 13:00:00	cash	pharmacy
1092	140	10521	0	10521	paid	2022-04-09 16:00:00	cash	pharmacy
1093	140	43515	0	43515	paid	2022-04-13 11:00:00	cash	pharmacy
1094	140	27236	0	27236	paid	2022-04-19 13:00:00	cash	pharmacy
1095	140	15242	0	15242	paid	2022-04-25 15:00:00	cash	pharmacy
1096	140	14907	0	14907	paid	2022-05-03 13:00:00	card	pharmacy
1097	140	12919	0	12919	paid	2022-05-09 11:00:00	cash	pharmacy
1098	140	15098	0	15098	paid	2022-05-13 16:00:00	cash	pharmacy
1099	140	17880	0	17880	paid	2022-05-18 15:00:00	card	pharmacy
1100	140	47601	0	47601	paid	2022-05-23 09:00:00	card	pharmacy
1101	140	11825	0	11825	paid	2022-06-04 09:00:00	card	pharmacy
1102	140	26882	0	26882	paid	2022-06-10 10:00:00	card	pharmacy
1103	140	13974	0	13974	paid	2022-06-14 16:00:00	qr	pharmacy
1104	140	24605	0	24605	paid	2022-06-20 16:00:00	card	pharmacy
1105	140	34995	0	34995	paid	2022-06-25 14:00:00	cash	pharmacy
1106	140	24742	0	24742	paid	2022-07-03 15:00:00	card	pharmacy
1107	140	24049	0	24049	paid	2022-07-09 10:00:00	cash	pharmacy
1108	140	18382	0	18382	paid	2022-07-15 13:00:00	cash	pharmacy
1109	140	21169	0	21169	paid	2022-07-20 14:00:00	card	pharmacy
1110	140	31828	0	31828	paid	2022-07-25 09:00:00	cash	pharmacy
1111	140	15150	0	15150	paid	2022-08-03 11:00:00	card	pharmacy
1112	140	35812	0	35812	paid	2022-08-09 15:00:00	card	pharmacy
1113	140	30164	0	30164	paid	2022-08-14 13:00:00	cash	pharmacy
1114	140	13600	0	13600	paid	2022-08-19 13:00:00	cash	pharmacy
1115	140	26180	0	26180	paid	2022-08-25 14:00:00	cash	pharmacy
1116	140	28099	0	28099	paid	2022-09-05 10:00:00	cash	pharmacy
1117	140	12969	0	12969	paid	2022-09-10 12:00:00	cash	pharmacy
1118	140	16218	0	16218	paid	2022-09-14 12:00:00	qr	pharmacy
1119	140	31937	0	31937	paid	2022-09-19 16:00:00	cash	pharmacy
1120	140	37375	0	37375	paid	2022-09-23 16:00:00	cash	pharmacy
1121	140	9828	0	9828	paid	2022-10-03 14:00:00	card	pharmacy
1122	140	24370	0	24370	paid	2022-10-10 11:00:00	cash	pharmacy
1123	140	22821	0	22821	paid	2022-10-13 14:00:00	card	pharmacy
1124	140	42460	0	42460	paid	2022-10-18 14:00:00	qr	pharmacy
1125	140	28622	0	28622	paid	2022-10-23 10:00:00	card	pharmacy
1126	140	40766	0	40766	paid	2022-11-05 11:00:00	cash	pharmacy
1127	140	40476	0	40476	paid	2022-11-10 16:00:00	qr	pharmacy
1128	140	16892	0	16892	paid	2022-11-13 12:00:00	card	pharmacy
1129	140	18678	0	18678	paid	2022-11-19 16:00:00	card	pharmacy
1130	140	13908	0	13908	paid	2022-11-23 13:00:00	cash	pharmacy
1131	140	37611	0	37611	paid	2022-12-04 10:00:00	cash	pharmacy
1132	140	16588	0	16588	paid	2022-12-10 16:00:00	card	pharmacy
1133	140	14360	0	14360	paid	2022-12-15 15:00:00	card	pharmacy
1134	140	44283	0	44283	paid	2022-12-19 10:00:00	cash	pharmacy
1135	140	25350	0	25350	paid	2022-12-24 15:00:00	cash	pharmacy
1136	140	38886	0	38886	paid	2023-01-04 14:00:00	cash	pharmacy
1137	140	21265	0	21265	paid	2023-01-08 16:00:00	card	pharmacy
1138	140	25895	0	25895	paid	2023-01-14 16:00:00	cash	pharmacy
1139	140	19084	0	19084	paid	2023-01-19 10:00:00	cash	pharmacy
1140	140	28632	0	28632	paid	2023-01-24 16:00:00	card	pharmacy
1141	140	35340	0	35340	paid	2023-02-03 15:00:00	qr	pharmacy
1142	140	39027	0	39027	paid	2023-02-08 11:00:00	cash	pharmacy
1143	140	14984	0	14984	paid	2023-02-15 16:00:00	cash	pharmacy
1144	140	27372	0	27372	paid	2023-02-18 10:00:00	cash	pharmacy
1145	140	11138	0	11138	paid	2023-02-25 16:00:00	cash	pharmacy
1146	140	32840	0	32840	paid	2023-03-04 14:00:00	qr	pharmacy
1147	140	29041	0	29041	paid	2023-03-10 15:00:00	qr	pharmacy
1148	140	10439	0	10439	paid	2023-03-15 14:00:00	qr	pharmacy
1149	140	14783	0	14783	paid	2023-03-20 09:00:00	card	pharmacy
1150	140	40568	0	40568	paid	2023-03-24 10:00:00	cash	pharmacy
1151	140	21211	0	21211	paid	2023-04-04 12:00:00	qr	pharmacy
1152	140	28084	0	28084	paid	2023-04-09 16:00:00	cash	pharmacy
1153	140	36954	0	36954	paid	2023-04-14 11:00:00	cash	pharmacy
1154	140	22096	0	22096	paid	2023-04-18 10:00:00	cash	pharmacy
1155	140	14394	0	14394	paid	2023-04-24 14:00:00	cash	pharmacy
1156	140	45228	0	45228	paid	2023-05-04 14:00:00	card	pharmacy
1157	140	22930	0	22930	paid	2023-05-09 13:00:00	cash	pharmacy
1158	140	19482	0	19482	paid	2023-05-15 14:00:00	cash	pharmacy
1159	140	16253	0	16253	paid	2023-05-19 16:00:00	card	pharmacy
1160	140	14750	0	14750	paid	2023-05-25 13:00:00	cash	pharmacy
1161	140	13766	0	13766	paid	2023-06-03 10:00:00	card	pharmacy
1162	140	23271	0	23271	paid	2023-06-09 09:00:00	cash	pharmacy
1163	140	47585	0	47585	paid	2023-06-13 16:00:00	cash	pharmacy
1164	140	26108	0	26108	paid	2023-06-20 16:00:00	cash	pharmacy
1165	140	13639	0	13639	paid	2023-06-25 12:00:00	cash	pharmacy
1166	140	28381	0	28381	paid	2023-07-03 10:00:00	cash	pharmacy
1167	140	14315	0	14315	paid	2023-07-08 10:00:00	cash	pharmacy
1168	140	17631	0	17631	paid	2023-07-14 16:00:00	cash	pharmacy
1169	140	55366	0	55366	paid	2023-07-20 12:00:00	cash	pharmacy
1170	140	19129	0	19129	paid	2023-07-23 15:00:00	cash	pharmacy
1171	140	12925	0	12925	paid	2023-08-03 14:00:00	qr	pharmacy
1172	140	20499	0	20499	paid	2023-08-09 14:00:00	cash	pharmacy
1173	140	48322	0	48322	paid	2023-08-14 15:00:00	cash	pharmacy
1174	140	38368	0	38368	paid	2023-08-20 14:00:00	cash	pharmacy
1175	140	16060	0	16060	paid	2023-08-25 10:00:00	cash	pharmacy
1176	140	16158	0	16158	paid	2023-09-05 11:00:00	cash	pharmacy
1177	140	53888	0	53888	paid	2023-09-10 16:00:00	cash	pharmacy
1178	140	20930	0	20930	paid	2023-09-15 09:00:00	cash	pharmacy
1179	140	15738	0	15738	paid	2023-09-20 09:00:00	qr	pharmacy
1180	140	29884	0	29884	paid	2023-09-24 15:00:00	card	pharmacy
1181	140	33941	0	33941	paid	2023-10-03 13:00:00	cash	pharmacy
1182	140	19458	0	19458	paid	2023-10-08 12:00:00	cash	pharmacy
1183	140	14518	0	14518	paid	2023-10-14 16:00:00	cash	pharmacy
1184	140	41214	0	41214	paid	2023-10-20 14:00:00	card	pharmacy
1185	140	31178	0	31178	paid	2023-10-23 15:00:00	qr	pharmacy
1186	140	31646	0	31646	paid	2023-11-04 11:00:00	cash	pharmacy
1187	140	45284	0	45284	paid	2023-11-10 12:00:00	card	pharmacy
1188	140	36562	0	36562	paid	2023-11-15 12:00:00	cash	pharmacy
1189	140	11542	0	11542	paid	2023-11-20 10:00:00	cash	pharmacy
1190	140	20503	0	20503	paid	2023-11-25 14:00:00	qr	pharmacy
1191	140	33399	0	33399	paid	2023-12-04 14:00:00	cash	pharmacy
1192	140	43678	0	43678	paid	2023-12-08 11:00:00	card	pharmacy
1193	140	40093	0	40093	paid	2023-12-13 10:00:00	cash	pharmacy
1194	140	22722	0	22722	paid	2023-12-18 12:00:00	qr	pharmacy
1195	140	13952	0	13952	paid	2023-12-23 09:00:00	cash	pharmacy
1196	140	36651	0	36651	paid	2024-01-04 10:00:00	qr	pharmacy
1197	140	22652	0	22652	paid	2024-01-08 09:00:00	cash	pharmacy
1198	140	23579	0	23579	paid	2024-01-15 09:00:00	cash	pharmacy
1199	140	57365	0	57365	paid	2024-01-20 13:00:00	card	pharmacy
1200	140	12415	0	12415	paid	2024-01-23 15:00:00	card	pharmacy
1201	140	17732	0	17732	paid	2024-02-04 15:00:00	cash	pharmacy
1202	140	61848	0	61848	paid	2024-02-10 10:00:00	cash	pharmacy
1203	140	15800	0	15800	paid	2024-02-13 10:00:00	qr	pharmacy
1204	140	21742	0	21742	paid	2024-02-19 15:00:00	qr	pharmacy
1205	140	26941	0	26941	paid	2024-02-23 13:00:00	card	pharmacy
1206	140	39983	0	39983	paid	2024-03-05 12:00:00	cash	pharmacy
1207	140	20348	0	20348	paid	2024-03-09 14:00:00	cash	pharmacy
1208	140	16860	0	16860	paid	2024-03-14 14:00:00	card	pharmacy
1209	140	35990	0	35990	paid	2024-03-18 14:00:00	card	pharmacy
1210	140	28292	0	28292	paid	2024-03-23 09:00:00	qr	pharmacy
1211	140	22349	0	22349	paid	2024-04-05 14:00:00	cash	pharmacy
1212	140	13267	0	13267	paid	2024-04-09 10:00:00	cash	pharmacy
1213	140	55080	0	55080	paid	2024-04-14 14:00:00	qr	pharmacy
1214	140	20081	0	20081	paid	2024-04-18 13:00:00	cash	pharmacy
1215	140	27861	0	27861	paid	2024-04-24 12:00:00	cash	pharmacy
1216	140	28013	0	28013	paid	2024-05-05 12:00:00	cash	pharmacy
1217	140	41253	0	41253	paid	2024-05-10 10:00:00	qr	pharmacy
1218	140	20238	0	20238	paid	2024-05-15 14:00:00	cash	pharmacy
1219	140	29426	0	29426	paid	2024-05-20 13:00:00	cash	pharmacy
1220	140	14815	0	14815	paid	2024-05-25 11:00:00	card	pharmacy
1221	140	18044	0	18044	paid	2024-06-04 16:00:00	cash	pharmacy
1222	140	21047	0	21047	paid	2024-06-10 13:00:00	card	pharmacy
1223	140	18261	0	18261	paid	2024-06-13 13:00:00	qr	pharmacy
1224	140	42611	0	42611	paid	2024-06-20 12:00:00	qr	pharmacy
1225	140	41899	0	41899	paid	2024-06-24 14:00:00	card	pharmacy
1226	140	19386	0	19386	paid	2024-07-05 10:00:00	cash	pharmacy
1227	140	25371	0	25371	paid	2024-07-10 11:00:00	cash	pharmacy
1228	140	30407	0	30407	paid	2024-07-15 13:00:00	card	pharmacy
1229	140	31113	0	31113	paid	2024-07-20 13:00:00	cash	pharmacy
1230	140	41518	0	41518	paid	2024-07-25 16:00:00	qr	pharmacy
1231	140	51842	0	51842	paid	2024-08-03 11:00:00	cash	pharmacy
1232	140	18344	0	18344	paid	2024-08-09 11:00:00	cash	pharmacy
1233	140	17558	0	17558	paid	2024-08-13 12:00:00	cash	pharmacy
1234	140	37518	0	37518	paid	2024-08-18 15:00:00	cash	pharmacy
1235	140	26386	0	26386	paid	2024-08-24 13:00:00	cash	pharmacy
1236	140	18336	0	18336	paid	2024-09-04 11:00:00	cash	pharmacy
1237	140	21122	0	21122	paid	2024-09-10 13:00:00	cash	pharmacy
1238	140	65902	0	65902	paid	2024-09-14 15:00:00	cash	pharmacy
1239	140	33480	0	33480	paid	2024-09-19 11:00:00	cash	pharmacy
1240	140	15968	0	15968	paid	2024-09-23 10:00:00	card	pharmacy
1241	140	20706	0	20706	paid	2024-10-05 12:00:00	cash	pharmacy
1242	140	16943	0	16943	paid	2024-10-08 09:00:00	cash	pharmacy
1243	140	21962	0	21962	paid	2024-10-13 14:00:00	cash	pharmacy
1244	140	31733	0	31733	paid	2024-10-19 13:00:00	cash	pharmacy
1245	140	67180	0	67180	paid	2024-10-23 16:00:00	cash	pharmacy
1246	140	29225	0	29225	paid	2024-11-03 09:00:00	cash	pharmacy
1247	140	13288	0	13288	paid	2024-11-09 14:00:00	card	pharmacy
1248	140	24954	0	24954	paid	2024-11-13 16:00:00	cash	pharmacy
1249	140	51641	0	51641	paid	2024-11-18 09:00:00	cash	pharmacy
1250	140	41921	0	41921	paid	2024-11-23 15:00:00	cash	pharmacy
1251	140	19504	0	19504	paid	2024-12-03 13:00:00	qr	pharmacy
1252	140	44654	0	44654	paid	2024-12-09 12:00:00	qr	pharmacy
1253	140	36243	0	36243	paid	2024-12-14 14:00:00	cash	pharmacy
1254	140	20235	0	20235	paid	2024-12-18 11:00:00	cash	pharmacy
1255	140	46600	0	46600	paid	2024-12-23 10:00:00	cash	pharmacy
1256	140	36703	0	36703	paid	2025-01-03 12:00:00	cash	pharmacy
1257	140	29930	0	29930	paid	2025-01-09 09:00:00	qr	pharmacy
1258	140	50288	0	50288	paid	2025-01-13 14:00:00	card	pharmacy
1259	140	33330	0	33330	paid	2025-01-18 13:00:00	cash	pharmacy
1260	140	15458	0	15458	paid	2025-01-25 12:00:00	qr	pharmacy
1261	140	54044	0	54044	paid	2025-02-05 12:00:00	card	pharmacy
1262	140	14596	0	14596	paid	2025-02-09 14:00:00	cash	pharmacy
1263	140	49778	0	49778	paid	2025-02-15 14:00:00	qr	pharmacy
1264	140	25550	0	25550	paid	2025-02-20 13:00:00	cash	pharmacy
1265	140	20088	0	20088	paid	2025-02-24 12:00:00	cash	pharmacy
1266	140	23404	0	23404	paid	2025-03-03 11:00:00	card	pharmacy
1267	140	15554	0	15554	paid	2025-03-09 09:00:00	qr	pharmacy
1268	140	22812	0	22812	paid	2025-03-13 14:00:00	cash	pharmacy
1269	140	38464	0	38464	paid	2025-03-19 09:00:00	cash	pharmacy
1270	140	57475	0	57475	paid	2025-03-24 16:00:00	qr	pharmacy
1271	140	51407	0	51407	paid	2025-04-05 09:00:00	cash	pharmacy
1272	140	26575	0	26575	paid	2025-04-08 15:00:00	cash	pharmacy
1273	140	28340	0	28340	paid	2025-04-13 15:00:00	card	pharmacy
1274	140	23296	0	23296	paid	2025-04-19 12:00:00	cash	pharmacy
1275	140	25202	0	25202	paid	2025-04-24 16:00:00	qr	pharmacy
1276	140	16106	0	16106	paid	2025-05-04 15:00:00	qr	pharmacy
1277	140	39722	0	39722	paid	2025-05-10 09:00:00	qr	pharmacy
1278	140	50946	0	50946	paid	2025-05-13 11:00:00	cash	pharmacy
1279	140	14855	0	14855	paid	2025-05-20 13:00:00	cash	pharmacy
1280	140	26983	0	26983	paid	2025-05-24 16:00:00	cash	pharmacy
1281	140	23370	0	23370	paid	2025-06-03 15:00:00	cash	pharmacy
1282	140	20231	0	20231	paid	2025-06-09 13:00:00	cash	pharmacy
1283	140	27062	0	27062	paid	2025-06-15 16:00:00	cash	pharmacy
1284	140	20716	0	20716	paid	2025-06-19 16:00:00	card	pharmacy
1285	140	61246	0	61246	paid	2025-06-24 11:00:00	cash	pharmacy
1286	140	36173	0	36173	paid	2025-07-04 10:00:00	cash	pharmacy
1287	140	56024	0	56024	paid	2025-07-10 12:00:00	cash	pharmacy
1288	140	14681	0	14681	paid	2025-07-14 11:00:00	cash	pharmacy
1289	140	22666	0	22666	paid	2025-07-19 15:00:00	card	pharmacy
1290	140	39915	0	39915	paid	2025-07-23 09:00:00	cash	pharmacy
1291	140	58007	0	58007	paid	2025-08-05 09:00:00	card	pharmacy
1292	140	34363	0	34363	paid	2025-08-10 12:00:00	cash	pharmacy
1293	140	31381	0	31381	paid	2025-08-15 13:00:00	cash	pharmacy
1294	140	20204	0	20204	paid	2025-08-20 11:00:00	qr	pharmacy
1295	140	26382	0	26382	paid	2025-08-24 14:00:00	card	pharmacy
1296	140	30684	0	30684	paid	2025-09-05 11:00:00	cash	pharmacy
1297	140	29904	0	29904	paid	2025-09-09 10:00:00	cash	pharmacy
1298	140	67338	0	67338	paid	2025-09-15 12:00:00	cash	pharmacy
1299	140	22509	0	22509	paid	2025-09-20 12:00:00	cash	pharmacy
1300	140	19152	0	19152	paid	2025-09-23 09:00:00	cash	pharmacy
1301	140	70163	0	70163	paid	2025-10-05 09:00:00	qr	pharmacy
1302	140	22153	0	22153	paid	2025-10-09 15:00:00	cash	pharmacy
1303	140	27488	0	27488	paid	2025-10-14 10:00:00	card	pharmacy
1304	140	33707	0	33707	paid	2025-10-20 10:00:00	card	pharmacy
1305	140	24834	0	24834	paid	2025-10-23 14:00:00	qr	pharmacy
1306	140	55028	0	55028	paid	2025-11-03 13:00:00	cash	pharmacy
1307	140	35202	0	35202	paid	2025-11-08 11:00:00	cash	pharmacy
1308	140	33121	0	33121	paid	2025-11-14 14:00:00	qr	pharmacy
1309	140	39028	0	39028	paid	2025-11-19 11:00:00	card	pharmacy
1310	140	24587	0	24587	paid	2025-11-24 16:00:00	cash	pharmacy
1311	140	46253	0	46253	paid	2025-12-04 14:00:00	cash	pharmacy
1312	140	36962	0	36962	paid	2025-12-08 11:00:00	cash	pharmacy
1313	140	17169	0	17169	paid	2025-12-14 13:00:00	qr	pharmacy
1314	140	38733	0	38733	paid	2025-12-20 16:00:00	cash	pharmacy
1315	140	53662	0	53662	paid	2025-12-24 15:00:00	cash	pharmacy
1362	250	500	0	500	paid	2026-04-01 01:38:51.946686	qr	pharmacy
1369	253	500	0	500	paid	2026-04-01 08:38:03.246397	qr	pharmacy
1376	254	2000	0	2000	paid	2026-04-01 09:34:32.088797	qr	pharmacy
1383	257	500	0	500	paid	2026-04-02 00:57:20.920268	qr	pharmacy
1388	257	750	0	750	paid	2026-04-02 01:37:54.910572	qr	lab
\.


--
-- Data for Name: followups; Type: TABLE DATA; Schema: public; Owner: postgres
--

COPY public.followups (id, patient_id, doctor_id, assigned_at, used, used_at) FROM stdin;
3	241	56	2026-03-31 05:31:24.031113	t	2026-03-31 05:34:10.470734
4	243	57	2026-03-31 06:19:20.135642	t	2026-03-31 06:21:03.021067
5	244	54	2026-03-31 13:14:16.349577	t	2026-03-31 13:18:01.695589
6	248	56	2026-04-01 00:28:12.964737	t	2026-04-01 00:56:28.802264
7	250	2	2026-04-01 01:40:10.690443	f	\N
8	241	2	2026-04-01 02:10:16.715805	f	\N
9	252	55	2026-04-01 03:28:24.587948	t	2026-04-01 03:29:12.394633
12	253	55	2026-04-01 08:43:45.813966	t	2026-04-01 08:51:04.70838
13	254	58	2026-04-01 09:33:17.899775	t	2026-04-01 09:36:21.19549
14	256	58	2026-04-01 14:10:55.165002	t	2026-04-01 14:11:33.319974
15	257	2	2026-04-02 00:58:22.079817	t	2026-04-02 01:02:21.014493
16	258	54	2026-04-02 01:44:40.104911	t	2026-04-02 01:45:57.111366
\.


--
-- Data for Name: lab_tests; Type: TABLE DATA; Schema: public; Owner: postgres
--

COPY public.lab_tests (id, name, price) FROM stdin;
1	Complete Blood Count (CBC)	500
2	Random Blood Sugar (RBS)	150
3	Lipid Profile	1500
4	Liver Function Test (LFT)	1200
5	Kidney Function Test (KFT)	1100
6	Thyroid Profile (T3, T4, TSH)	1000
7	Urine Routine Examination	250
8	Stool Routine Examination	300
\.


--
-- Data for Name: medical_reports; Type: TABLE DATA; Schema: public; Owner: postgres
--

COPY public.medical_reports (id, patient_name, age, sex, created_at, json_data, is_deleted) FROM stdin;
240	Mira Devi Adhikari Oli	44	Female	\N	{"structured_data": {"Age": "44", "Sex": "Female", "Address": "Birtamode - 5, Jhapa", "Contact": "9814030639", "Patient ID": "PA000101", "Patient Name": "Mira Devi Adhikari Oli"}, "medical_analysis": {}}	f
241	Saugat Ojha	22	Male	\N	{"structured_data": {"Age": "22", "Sex": "Male", "Address": "Fattepur -4, Saptahari", "Contact": "9817942455", "Patient ID": "PA000102", "Patient Name": "Saugat Ojha"}, "medical_analysis": {}}	f
244	Nitesh Upreti	13	Male	\N	{"structured_data": {"Age": "13", "Sex": "Male", "Address": "Bafal - 3, Kalanki", "Contact": "9812345888", "Patient ID": "PA000105", "Patient Name": "Nitesh Upreti"}, "medical_analysis": {}}	f
245	Gita Upreti	41	Female	\N	{"structured_data": {"Age": "41", "Sex": "Female", "Address": "Kalanki, KTM", "Contact": "9876543299", "Patient ID": "PA000106", "Patient Name": "Gita Upreti"}, "medical_analysis": {}}	f
246	Ram Charan	45	Male	\N	{"structured_data": {"Age": "45", "Sex": "Male", "Address": "Dadeldhura", "Contact": "9876543224", "Patient ID": "PA000107", "Patient Name": "Ram Charan"}, "medical_analysis": {}}	f
247	Aastuti Kharel	13	Female	\N	{"structured_data": {"Age": "13", "Sex": "Female", "Address": "Haldibari, Jhapa", "Contact": "9801234567", "Patient ID": "PA000108", "Patient Name": "Aastuti Kharel"}, "medical_analysis": {}}	f
252	Rajesh Rai	48	Male	\N	{"structured_data": {"Age": "48", "Sex": "Male", "Address": "Khotang, Nepal", "Contact": "9876767654", "Patient ID": "PA000113", "Patient Name": "Rajesh Rai"}, "medical_analysis": {}}	f
256	Sagar Nepali	25	Male	\N	{"structured_data": {"Age": "25", "Sex": "Male", "Address": "New baneshor", "Contact": "9878765670", "Patient ID": "PA000117", "Patient Name": "Sagar Nepali"}, "medical_analysis": {}}	f
242	Saugat Ojha	22	Male	\N	{"structured_data": {"Age": "22", "Sex": "Male", "Address": "Fattepur -4, Saptahari", "Contact": "9817942455", "Patient ID": "PA000103", "Patient Name": "Saugat Ojha"}, "medical_analysis": {}}	t
248	Shurti Kharel	7	Female	\N	{"structured_data": {"Age": "7", "Sex": "Female", "Address": "Haldibari, Jhapa", "Contact": "9804782341", "Patient ID": "PA000109", "Patient Name": "Shurti Kharel"}, "medical_analysis": {}}	f
253	Garima Thapa	47	Female	\N	{"structured_data": {"Age": "47", "Sex": "Female", "Address": "Ratnapark, KTM", "Contact": "9732323453", "Patient ID": "PA000114", "Patient Name": "Garima Thapa"}, "medical_analysis": {}}	f
257	Sarbesh	24	Male	\N	{"structured_data": {"Age": "24", "Sex": "Male", "Address": "Myagdi", "Contact": "9786787675", "Patient ID": "PA000118", "Patient Name": "Sarbesh"}, "medical_analysis": {}}	f
243	Shaswat Sharma	34	Male	\N	{"structured_data": {"Age": "34", "Sex": "Male", "Address": "Balkot -4, Kathmandu", "Contact": "9876543219", "Patient ID": "PA000104", "Patient Name": "Shaswat Sharma"}, "medical_analysis": {}}	f
249	Sitaram Lamichhane	47	Male	\N	{"structured_data": {"Age": "47", "Sex": "Male", "Address": "Rukum -4", "Contact": "9867676756", "Patient ID": "PA000110", "Patient Name": "Sitaram Lamichhane"}, "medical_analysis": {}}	f
254	Santosh Adhikari	23	Male	\N	{"structured_data": {"Age": "23", "Sex": "Male", "Address": "Illam", "Contact": "9876545434", "Patient ID": "PA000115", "Patient Name": "Santosh Adhikari"}, "medical_analysis": {}}	f
258	Chandra Kattel	48	Male	\N	{"structured_data": {"Age": "48", "Sex": "Male", "Address": "Birtamode - 1, Jhapa", "Contact": "9876765453", "Patient ID": "PA000119", "Patient Name": "Chandra Kattel"}, "medical_analysis": {}}	f
250	Phungsuk Wangdu	74	Male	\N	{"structured_data": {"Age": "74", "Sex": "Male", "Address": "Aasam, Nepal", "Contact": "9834342345", "Patient ID": "PA000111", "Patient Name": "Phungsuk Wangdu"}, "medical_analysis": {}}	f
255	Ramesh Sapkota	54	Male	\N	{"structured_data": {"Age": "54", "Sex": "Male", "Address": "Belbari, Morang", "Contact": "9865456314", "Patient ID": "PA000116", "Patient Name": "Ramesh Sapkota"}, "medical_analysis": {}}	f
251	Krishna Sharma	67	Male	\N	{"structured_data": {"Age": "67", "Sex": "Male", "Address": "KTM", "Contact": "9856453627", "Patient ID": "PA000112", "Patient Name": "Krishna Sharma"}, "medical_analysis": {}}	f
140	Rajesh Sharma	34	Male	\N	{"structured_data": {"Age": "34", "Sex": "Male", "Address": "Kathmandu-10", "Contact": "9841234567", "Patient ID": "PA000001", "Patient Name": "Rajesh Sharma"}, "medical_analysis": {}}	f
141	Sita Thapa	28	Female	\N	{"structured_data": {"Age": "28", "Sex": "Female", "Address": "Lalitpur-3", "Contact": "9842234567", "Patient ID": "PA000002", "Patient Name": "Sita Thapa"}, "medical_analysis": {}}	f
142	Bikram Gurung	45	Male	\N	{"structured_data": {"Age": "45", "Sex": "Male", "Address": "Bhaktapur-5", "Contact": "9843234567", "Patient ID": "PA000003", "Patient Name": "Bikram Gurung"}, "medical_analysis": {}}	f
143	Sunita Rai	32	Female	\N	{"structured_data": {"Age": "32", "Sex": "Female", "Address": "Kathmandu-15", "Contact": "9844234567", "Patient ID": "PA000004", "Patient Name": "Sunita Rai"}, "medical_analysis": {}}	f
144	Suresh Adhikari	52	Male	\N	{"structured_data": {"Age": "52", "Sex": "Male", "Address": "Pokhara-8", "Contact": "9845234567", "Patient ID": "PA000005", "Patient Name": "Suresh Adhikari"}, "medical_analysis": {}}	f
145	Kamala Poudel	41	Female	\N	{"structured_data": {"Age": "41", "Sex": "Female", "Address": "Butwal-6", "Contact": "9846234567", "Patient ID": "PA000006", "Patient Name": "Kamala Poudel"}, "medical_analysis": {}}	f
146	Dinesh Karki	38	Male	\N	{"structured_data": {"Age": "38", "Sex": "Male", "Address": "Chitwan-4", "Contact": "9847234567", "Patient ID": "PA000007", "Patient Name": "Dinesh Karki"}, "medical_analysis": {}}	f
147	Anita Bhandari	25	Female	\N	{"structured_data": {"Age": "25", "Sex": "Female", "Address": "Biratnagar-7", "Contact": "9848234567", "Patient ID": "PA000008", "Patient Name": "Anita Bhandari"}, "medical_analysis": {}}	f
148	Ganesh KC	60	Male	\N	{"structured_data": {"Age": "60", "Sex": "Male", "Address": "Dharan-2", "Contact": "9849234567", "Patient ID": "PA000009", "Patient Name": "Ganesh KC"}, "medical_analysis": {}}	f
149	Puja Basnet	22	Female	\N	{"structured_data": {"Age": "22", "Sex": "Female", "Address": "Janakpur-1", "Contact": "9841334567", "Patient ID": "PA000010", "Patient Name": "Puja Basnet"}, "medical_analysis": {}}	f
150	Ramesh Subedi	47	Male	\N	{"structured_data": {"Age": "47", "Sex": "Male", "Address": "Hetauda-3", "Contact": "9841434567", "Patient ID": "PA000011", "Patient Name": "Ramesh Subedi"}, "medical_analysis": {}}	f
151	Radha Joshi	35	Female	\N	{"structured_data": {"Age": "35", "Sex": "Female", "Address": "Narayanghat-9", "Contact": "9841534567", "Patient ID": "PA000012", "Patient Name": "Radha Joshi"}, "medical_analysis": {}}	f
152	Santosh Acharya	29	Male	\N	{"structured_data": {"Age": "29", "Sex": "Male", "Address": "Itahari-5", "Contact": "9841634567", "Patient ID": "PA000013", "Patient Name": "Santosh Acharya"}, "medical_analysis": {}}	f
153	Nisha Bhattarai	44	Female	\N	{"structured_data": {"Age": "44", "Sex": "Female", "Address": "Damak-2", "Contact": "9841734567", "Patient ID": "PA000014", "Patient Name": "Nisha Bhattarai"}, "medical_analysis": {}}	f
154	Deepak Pandey	31	Male	\N	{"structured_data": {"Age": "31", "Sex": "Male", "Address": "Birtamod-1", "Contact": "9841834567", "Patient ID": "PA000015", "Patient Name": "Deepak Pandey"}, "medical_analysis": {}}	f
155	Sarita Sapkota	55	Female	\N	{"structured_data": {"Age": "55", "Sex": "Female", "Address": "Kathmandu-10", "Contact": "9841934567", "Patient ID": "PA000016", "Patient Name": "Sarita Sapkota"}, "medical_analysis": {}}	f
156	Manoj Koirala	42	Male	\N	{"structured_data": {"Age": "42", "Sex": "Male", "Address": "Lalitpur-3", "Contact": "9842034567", "Patient ID": "PA000017", "Patient Name": "Manoj Koirala"}, "medical_analysis": {}}	f
157	Laxmi Regmi	38	Female	\N	{"structured_data": {"Age": "38", "Sex": "Female", "Address": "Bhaktapur-5", "Contact": "9842134567", "Patient ID": "PA000018", "Patient Name": "Laxmi Regmi"}, "medical_analysis": {}}	f
158	Rajan Dhakal	50	Male	\N	{"structured_data": {"Age": "50", "Sex": "Male", "Address": "Kathmandu-15", "Contact": "9842234568", "Patient ID": "PA000019", "Patient Name": "Rajan Dhakal"}, "medical_analysis": {}}	f
159	Durga Giri	27	Female	\N	{"structured_data": {"Age": "27", "Sex": "Female", "Address": "Pokhara-8", "Contact": "9842334567", "Patient ID": "PA000020", "Patient Name": "Durga Giri"}, "medical_analysis": {}}	f
160	Roshan Oli	36	Male	\N	{"structured_data": {"Age": "36", "Sex": "Male", "Address": "Butwal-6", "Contact": "9842434567", "Patient ID": "PA000021", "Patient Name": "Roshan Oli"}, "medical_analysis": {}}	f
161	Kavita Dahal	43	Female	\N	{"structured_data": {"Age": "43", "Sex": "Female", "Address": "Chitwan-4", "Contact": "9842534567", "Patient ID": "PA000022", "Patient Name": "Kavita Dahal"}, "medical_analysis": {}}	f
162	Suman Pokhrel	26	Male	\N	{"structured_data": {"Age": "26", "Sex": "Male", "Address": "Biratnagar-7", "Contact": "9842634567", "Patient ID": "PA000023", "Patient Name": "Suman Pokhrel"}, "medical_analysis": {}}	f
163	Priya Tiwari	33	Female	\N	{"structured_data": {"Age": "33", "Sex": "Female", "Address": "Dharan-2", "Contact": "9842734567", "Patient ID": "PA000024", "Patient Name": "Priya Tiwari"}, "medical_analysis": {}}	f
164	Niraj Niraula	48	Male	\N	{"structured_data": {"Age": "48", "Sex": "Male", "Address": "Janakpur-1", "Contact": "9842834567", "Patient ID": "PA000025", "Patient Name": "Niraj Niraula"}, "medical_analysis": {}}	f
165	Asha Humagain	39	Female	\N	{"structured_data": {"Age": "39", "Sex": "Female", "Address": "Hetauda-3", "Contact": "9842934567", "Patient ID": "PA000026", "Patient Name": "Asha Humagain"}, "medical_analysis": {}}	f
166	Prabhat Tamang	23	Male	\N	{"structured_data": {"Age": "23", "Sex": "Male", "Address": "Narayanghat-9", "Contact": "9843034567", "Patient ID": "PA000027", "Patient Name": "Prabhat Tamang"}, "medical_analysis": {}}	f
167	Mina Limbu	57	Female	\N	{"structured_data": {"Age": "57", "Sex": "Female", "Address": "Itahari-5", "Contact": "9843134567", "Patient ID": "PA000028", "Patient Name": "Mina Limbu"}, "medical_analysis": {}}	f
168	Ashok Magar	31	Male	\N	{"structured_data": {"Age": "31", "Sex": "Male", "Address": "Damak-2", "Contact": "9843234568", "Patient ID": "PA000029", "Patient Name": "Ashok Magar"}, "medical_analysis": {}}	f
169	Rekha Rai	46	Female	\N	{"structured_data": {"Age": "46", "Sex": "Female", "Address": "Birtamod-1", "Contact": "9843334567", "Patient ID": "PA000030", "Patient Name": "Rekha Rai"}, "medical_analysis": {}}	f
170	Umesh Sharma	62	Male	\N	{"structured_data": {"Age": "62", "Sex": "Male", "Address": "Kathmandu-10", "Contact": "9843434567", "Patient ID": "PA000031", "Patient Name": "Umesh Sharma"}, "medical_analysis": {}}	f
171	Shanta Thapa	30	Female	\N	{"structured_data": {"Age": "30", "Sex": "Female", "Address": "Lalitpur-3", "Contact": "9843534567", "Patient ID": "PA000032", "Patient Name": "Shanta Thapa"}, "medical_analysis": {}}	f
172	Hari Gurung	54	Male	\N	{"structured_data": {"Age": "54", "Sex": "Male", "Address": "Bhaktapur-5", "Contact": "9843634567", "Patient ID": "PA000033", "Patient Name": "Hari Gurung"}, "medical_analysis": {}}	f
173	Kopila Adhikari	37	Female	\N	{"structured_data": {"Age": "37", "Sex": "Female", "Address": "Kathmandu-15", "Contact": "9843734567", "Patient ID": "PA000034", "Patient Name": "Kopila Adhikari"}, "medical_analysis": {}}	f
174	Gopal Poudel	43	Male	\N	{"structured_data": {"Age": "43", "Sex": "Male", "Address": "Pokhara-8", "Contact": "9843834567", "Patient ID": "PA000035", "Patient Name": "Gopal Poudel"}, "medical_analysis": {}}	f
175	Ambika Karki	28	Female	\N	{"structured_data": {"Age": "28", "Sex": "Female", "Address": "Butwal-6", "Contact": "9843934567", "Patient ID": "PA000036", "Patient Name": "Ambika Karki"}, "medical_analysis": {}}	f
176	Krishna Bhandari	51	Male	\N	{"structured_data": {"Age": "51", "Sex": "Male", "Address": "Chitwan-4", "Contact": "9844034567", "Patient ID": "PA000037", "Patient Name": "Krishna Bhandari"}, "medical_analysis": {}}	f
177	Jamuna Basnet	24	Female	\N	{"structured_data": {"Age": "24", "Sex": "Female", "Address": "Biratnagar-7", "Contact": "9844134567", "Patient ID": "PA000038", "Patient Name": "Jamuna Basnet"}, "medical_analysis": {}}	f
178	Ram Subedi	67	Male	\N	{"structured_data": {"Age": "67", "Sex": "Male", "Address": "Dharan-2", "Contact": "9844234568", "Patient ID": "PA000039", "Patient Name": "Ram Subedi"}, "medical_analysis": {}}	f
179	Hira Joshi	35	Female	\N	{"structured_data": {"Age": "35", "Sex": "Female", "Address": "Janakpur-1", "Contact": "9844334567", "Patient ID": "PA000040", "Patient Name": "Hira Joshi"}, "medical_analysis": {}}	f
180	Shyam Acharya	44	Male	\N	{"structured_data": {"Age": "44", "Sex": "Male", "Address": "Hetauda-3", "Contact": "9844434567", "Patient ID": "PA000041", "Patient Name": "Shyam Acharya"}, "medical_analysis": {}}	f
181	Devi Bhattarai	52	Female	\N	{"structured_data": {"Age": "52", "Sex": "Female", "Address": "Narayanghat-9", "Contact": "9844534567", "Patient ID": "PA000042", "Patient Name": "Devi Bhattarai"}, "medical_analysis": {}}	f
182	Mohan Pandey	29	Male	\N	{"structured_data": {"Age": "29", "Sex": "Male", "Address": "Itahari-5", "Contact": "9844634567", "Patient ID": "PA000043", "Patient Name": "Mohan Pandey"}, "medical_analysis": {}}	f
183	Shova Sapkota	41	Female	\N	{"structured_data": {"Age": "41", "Sex": "Female", "Address": "Damak-2", "Contact": "9844734567", "Patient ID": "PA000044", "Patient Name": "Shova Sapkota"}, "medical_analysis": {}}	f
184	Arjun Koirala	38	Male	\N	{"structured_data": {"Age": "38", "Sex": "Male", "Address": "Birtamod-1", "Contact": "9844834567", "Patient ID": "PA000045", "Patient Name": "Arjun Koirala"}, "medical_analysis": {}}	f
185	Sabita Regmi	26	Female	\N	{"structured_data": {"Age": "26", "Sex": "Female", "Address": "Kathmandu-10", "Contact": "9844934567", "Patient ID": "PA000046", "Patient Name": "Sabita Regmi"}, "medical_analysis": {}}	f
186	Dev Dhakal	55	Male	\N	{"structured_data": {"Age": "55", "Sex": "Male", "Address": "Lalitpur-3", "Contact": "9845034567", "Patient ID": "PA000047", "Patient Name": "Dev Dhakal"}, "medical_analysis": {}}	f
187	Prabha Giri	33	Female	\N	{"structured_data": {"Age": "33", "Sex": "Female", "Address": "Bhaktapur-5", "Contact": "9845134567", "Patient ID": "PA000048", "Patient Name": "Prabha Giri"}, "medical_analysis": {}}	f
188	Nirmala Oli	48	Female	\N	{"structured_data": {"Age": "48", "Sex": "Female", "Address": "Kathmandu-15", "Contact": "9845234568", "Patient ID": "PA000049", "Patient Name": "Nirmala Oli"}, "medical_analysis": {}}	f
189	Binod Dahal	36	Male	\N	{"structured_data": {"Age": "36", "Sex": "Male", "Address": "Pokhara-8", "Contact": "9845334567", "Patient ID": "PA000050", "Patient Name": "Binod Dahal"}, "medical_analysis": {}}	f
190	Naresh Pokhrel	27	Male	\N	{"structured_data": {"Age": "27", "Sex": "Male", "Address": "Butwal-6", "Contact": "9845434567", "Patient ID": "PA000051", "Patient Name": "Naresh Pokhrel"}, "medical_analysis": {}}	f
191	Sushma Tiwari	43	Female	\N	{"structured_data": {"Age": "43", "Sex": "Female", "Address": "Chitwan-4", "Contact": "9845534567", "Patient ID": "PA000052", "Patient Name": "Sushma Tiwari"}, "medical_analysis": {}}	f
192	Kamal Niraula	58	Male	\N	{"structured_data": {"Age": "58", "Sex": "Male", "Address": "Biratnagar-7", "Contact": "9845634567", "Patient ID": "PA000053", "Patient Name": "Kamal Niraula"}, "medical_analysis": {}}	f
193	Maya Humagain	31	Female	\N	{"structured_data": {"Age": "31", "Sex": "Female", "Address": "Dharan-2", "Contact": "9845734567", "Patient ID": "PA000054", "Patient Name": "Maya Humagain"}, "medical_analysis": {}}	f
194	Anil Tamang	46	Male	\N	{"structured_data": {"Age": "46", "Sex": "Male", "Address": "Janakpur-1", "Contact": "9845834567", "Patient ID": "PA000055", "Patient Name": "Anil Tamang"}, "medical_analysis": {}}	f
195	Bina Limbu	22	Female	\N	{"structured_data": {"Age": "22", "Sex": "Female", "Address": "Hetauda-3", "Contact": "9845934567", "Patient ID": "PA000056", "Patient Name": "Bina Limbu"}, "medical_analysis": {}}	f
196	Sanjay Magar	39	Male	\N	{"structured_data": {"Age": "39", "Sex": "Male", "Address": "Narayanghat-9", "Contact": "9846034567", "Patient ID": "PA000057", "Patient Name": "Sanjay Magar"}, "medical_analysis": {}}	f
197	Gita Rai	53	Female	\N	{"structured_data": {"Age": "53", "Sex": "Female", "Address": "Itahari-5", "Contact": "9846134567", "Patient ID": "PA000058", "Patient Name": "Gita Rai"}, "medical_analysis": {}}	f
198	Prakash Sharma	34	Male	\N	{"structured_data": {"Age": "34", "Sex": "Male", "Address": "Damak-2", "Contact": "9846234568", "Patient ID": "PA000059", "Patient Name": "Prakash Sharma"}, "medical_analysis": {}}	f
199	Anita Thapa	40	Female	\N	{"structured_data": {"Age": "40", "Sex": "Female", "Address": "Birtamod-1", "Contact": "9846334567", "Patient ID": "PA000060", "Patient Name": "Anita Thapa"}, "medical_analysis": {}}	f
200	Sita Gurung	29	Female	\N	{"structured_data": {"Age": "29", "Sex": "Female", "Address": "Kathmandu-10", "Contact": "9846434567", "Patient ID": "PA000061", "Patient Name": "Sita Gurung"}, "medical_analysis": {}}	f
201	Ramesh Adhikari	51	Male	\N	{"structured_data": {"Age": "51", "Sex": "Male", "Address": "Lalitpur-3", "Contact": "9846534567", "Patient ID": "PA000062", "Patient Name": "Ramesh Adhikari"}, "medical_analysis": {}}	f
202	Rita Poudel	37	Female	\N	{"structured_data": {"Age": "37", "Sex": "Female", "Address": "Bhaktapur-5", "Contact": "9846634567", "Patient ID": "PA000063", "Patient Name": "Rita Poudel"}, "medical_analysis": {}}	f
203	Dinesh Karki	44	Male	\N	{"structured_data": {"Age": "44", "Sex": "Male", "Address": "Kathmandu-15", "Contact": "9846734567", "Patient ID": "PA000064", "Patient Name": "Dinesh Karki"}, "medical_analysis": {}}	f
204	Sunita Bhandari	26	Female	\N	{"structured_data": {"Age": "26", "Sex": "Female", "Address": "Pokhara-8", "Contact": "9846834567", "Patient ID": "PA000065", "Patient Name": "Sunita Bhandari"}, "medical_analysis": {}}	f
205	Suresh Basnet	63	Male	\N	{"structured_data": {"Age": "63", "Sex": "Male", "Address": "Butwal-6", "Contact": "9846934567", "Patient ID": "PA000066", "Patient Name": "Suresh Basnet"}, "medical_analysis": {}}	f
206	Kamala Subedi	32	Female	\N	{"structured_data": {"Age": "32", "Sex": "Female", "Address": "Chitwan-4", "Contact": "9847034567", "Patient ID": "PA000067", "Patient Name": "Kamala Subedi"}, "medical_analysis": {}}	f
207	Ganesh Joshi	47	Male	\N	{"structured_data": {"Age": "47", "Sex": "Male", "Address": "Biratnagar-7", "Contact": "9847134567", "Patient ID": "PA000068", "Patient Name": "Ganesh Joshi"}, "medical_analysis": {}}	f
208	Puja Acharya	35	Female	\N	{"structured_data": {"Age": "35", "Sex": "Female", "Address": "Dharan-2", "Contact": "9847234568", "Patient ID": "PA000069", "Patient Name": "Puja Acharya"}, "medical_analysis": {}}	f
209	Bikram Bhattarai	42	Male	\N	{"structured_data": {"Age": "42", "Sex": "Male", "Address": "Janakpur-1", "Contact": "9847334567", "Patient ID": "PA000070", "Patient Name": "Bikram Bhattarai"}, "medical_analysis": {}}	f
210	Radha Pandey	56	Female	\N	{"structured_data": {"Age": "56", "Sex": "Female", "Address": "Hetauda-3", "Contact": "9847434567", "Patient ID": "PA000071", "Patient Name": "Radha Pandey"}, "medical_analysis": {}}	f
211	Santosh Sapkota	31	Male	\N	{"structured_data": {"Age": "31", "Sex": "Male", "Address": "Narayanghat-9", "Contact": "9847534567", "Patient ID": "PA000072", "Patient Name": "Santosh Sapkota"}, "medical_analysis": {}}	f
212	Nisha Koirala	24	Female	\N	{"structured_data": {"Age": "24", "Sex": "Female", "Address": "Itahari-5", "Contact": "9847634567", "Patient ID": "PA000073", "Patient Name": "Nisha Koirala"}, "medical_analysis": {}}	f
213	Deepak Regmi	49	Male	\N	{"structured_data": {"Age": "49", "Sex": "Male", "Address": "Damak-2", "Contact": "9847734567", "Patient ID": "PA000074", "Patient Name": "Deepak Regmi"}, "medical_analysis": {}}	f
214	Sarita Dhakal	38	Female	\N	{"structured_data": {"Age": "38", "Sex": "Female", "Address": "Birtamod-1", "Contact": "9847834567", "Patient ID": "PA000075", "Patient Name": "Sarita Dhakal"}, "medical_analysis": {}}	f
215	Manoj Giri	27	Male	\N	{"structured_data": {"Age": "27", "Sex": "Male", "Address": "Kathmandu-10", "Contact": "9847934567", "Patient ID": "PA000076", "Patient Name": "Manoj Giri"}, "medical_analysis": {}}	f
216	Laxmi Oli	44	Female	\N	{"structured_data": {"Age": "44", "Sex": "Female", "Address": "Lalitpur-3", "Contact": "9848034567", "Patient ID": "PA000077", "Patient Name": "Laxmi Oli"}, "medical_analysis": {}}	f
217	Rajan Dahal	53	Male	\N	{"structured_data": {"Age": "53", "Sex": "Male", "Address": "Bhaktapur-5", "Contact": "9848134567", "Patient ID": "PA000078", "Patient Name": "Rajan Dahal"}, "medical_analysis": {}}	f
218	Durga Pokhrel	30	Female	\N	{"structured_data": {"Age": "30", "Sex": "Female", "Address": "Kathmandu-15", "Contact": "9848234568", "Patient ID": "PA000079", "Patient Name": "Durga Pokhrel"}, "medical_analysis": {}}	f
219	Roshan Tiwari	36	Male	\N	{"structured_data": {"Age": "36", "Sex": "Male", "Address": "Pokhara-8", "Contact": "9848334567", "Patient ID": "PA000080", "Patient Name": "Roshan Tiwari"}, "medical_analysis": {}}	f
220	Kavita Niraula	41	Female	\N	{"structured_data": {"Age": "41", "Sex": "Female", "Address": "Butwal-6", "Contact": "9848434567", "Patient ID": "PA000081", "Patient Name": "Kavita Niraula"}, "medical_analysis": {}}	f
221	Suman Humagain	25	Male	\N	{"structured_data": {"Age": "25", "Sex": "Male", "Address": "Chitwan-4", "Contact": "9848534567", "Patient ID": "PA000082", "Patient Name": "Suman Humagain"}, "medical_analysis": {}}	f
222	Priya Tamang	48	Female	\N	{"structured_data": {"Age": "48", "Sex": "Female", "Address": "Biratnagar-7", "Contact": "9848634567", "Patient ID": "PA000083", "Patient Name": "Priya Tamang"}, "medical_analysis": {}}	f
223	Niraj Limbu	33	Male	\N	{"structured_data": {"Age": "33", "Sex": "Male", "Address": "Dharan-2", "Contact": "9848734567", "Patient ID": "PA000084", "Patient Name": "Niraj Limbu"}, "medical_analysis": {}}	f
224	Asha Magar	57	Female	\N	{"structured_data": {"Age": "57", "Sex": "Female", "Address": "Janakpur-1", "Contact": "9848834567", "Patient ID": "PA000085", "Patient Name": "Asha Magar"}, "medical_analysis": {}}	f
225	Prabhat Rai	39	Male	\N	{"structured_data": {"Age": "39", "Sex": "Male", "Address": "Hetauda-3", "Contact": "9848934567", "Patient ID": "PA000086", "Patient Name": "Prabhat Rai"}, "medical_analysis": {}}	f
226	Ashok Sharma	45	Male	\N	{"structured_data": {"Age": "45", "Sex": "Male", "Address": "Narayanghat-9", "Contact": "9849034567", "Patient ID": "PA000087", "Patient Name": "Ashok Sharma"}, "medical_analysis": {}}	f
227	Rekha Thapa	28	Female	\N	{"structured_data": {"Age": "28", "Sex": "Female", "Address": "Itahari-5", "Contact": "9849134567", "Patient ID": "PA000088", "Patient Name": "Rekha Thapa"}, "medical_analysis": {}}	f
228	Umesh Gurung	61	Male	\N	{"structured_data": {"Age": "61", "Sex": "Male", "Address": "Damak-2", "Contact": "9849234568", "Patient ID": "PA000089", "Patient Name": "Umesh Gurung"}, "medical_analysis": {}}	f
229	Shanta Adhikari	34	Female	\N	{"structured_data": {"Age": "34", "Sex": "Female", "Address": "Birtamod-1", "Contact": "9849334567", "Patient ID": "PA000090", "Patient Name": "Shanta Adhikari"}, "medical_analysis": {}}	f
230	Hari Poudel	50	Male	\N	{"structured_data": {"Age": "50", "Sex": "Male", "Address": "Kathmandu-10", "Contact": "9849434567", "Patient ID": "PA000091", "Patient Name": "Hari Poudel"}, "medical_analysis": {}}	f
231	Kopila Karki	37	Female	\N	{"structured_data": {"Age": "37", "Sex": "Female", "Address": "Lalitpur-3", "Contact": "9849534567", "Patient ID": "PA000092", "Patient Name": "Kopila Karki"}, "medical_analysis": {}}	f
232	Gopal Bhandari	43	Male	\N	{"structured_data": {"Age": "43", "Sex": "Male", "Address": "Bhaktapur-5", "Contact": "9849634567", "Patient ID": "PA000093", "Patient Name": "Gopal Bhandari"}, "medical_analysis": {}}	f
233	Ambika Basnet	22	Female	\N	{"structured_data": {"Age": "22", "Sex": "Female", "Address": "Kathmandu-15", "Contact": "9849734567", "Patient ID": "PA000094", "Patient Name": "Ambika Basnet"}, "medical_analysis": {}}	f
234	Krishna Subedi	55	Male	\N	{"structured_data": {"Age": "55", "Sex": "Male", "Address": "Pokhara-8", "Contact": "9849834567", "Patient ID": "PA000095", "Patient Name": "Krishna Subedi"}, "medical_analysis": {}}	f
235	Jamuna Joshi	31	Female	\N	{"structured_data": {"Age": "31", "Sex": "Female", "Address": "Butwal-6", "Contact": "9849934567", "Patient ID": "PA000096", "Patient Name": "Jamuna Joshi"}, "medical_analysis": {}}	f
236	Ram Acharya	47	Male	\N	{"structured_data": {"Age": "47", "Sex": "Male", "Address": "Chitwan-4", "Contact": "9850034567", "Patient ID": "PA000097", "Patient Name": "Ram Acharya"}, "medical_analysis": {}}	f
237	Hira Bhattarai	26	Female	\N	{"structured_data": {"Age": "26", "Sex": "Female", "Address": "Biratnagar-7", "Contact": "9850134567", "Patient ID": "PA000098", "Patient Name": "Hira Bhattarai"}, "medical_analysis": {}}	f
238	Shyam Pandey	59	Male	\N	{"structured_data": {"Age": "59", "Sex": "Male", "Address": "Dharan-2", "Contact": "9850234568", "Patient ID": "PA000099", "Patient Name": "Shyam Pandey"}, "medical_analysis": {}}	f
239	Devi Sapkota	42	Female	\N	{"structured_data": {"Age": "42", "Sex": "Female", "Address": "Janakpur-1", "Contact": "9850334567", "Patient ID": "PA000100", "Patient Name": "Devi Sapkota"}, "medical_analysis": {}}	f
\.


--
-- Data for Name: medicines; Type: TABLE DATA; Schema: public; Owner: postgres
--

COPY public.medicines (id, name, strength, batch_no, category, manufacturer, price, expiry_date, threshold, created_by, is_active) FROM stdin;
1	Paracetamol	500mg	\N	Analgesic	Himal Drug	8	2027-12-31	50	\N	1
2	Amoxicillin	500mg	\N	Antibiotic	Panacea Biotech	45	2027-06-30	30	\N	1
3	Ibuprofen	400mg	\N	NSAID	Cipla	12	2027-12-31	40	\N	1
4	Cetirizine	10mg	\N	Antihistamine	Himal Drug	6	2027-12-31	30	\N	1
5	Azithromycin	500mg	\N	Antibiotic	Cipla	85	2027-06-30	20	\N	1
6	Metformin	500mg	\N	Antidiabetic	USV Pharma	15	2027-12-31	40	\N	1
7	Amlodipine	5mg	\N	Antihypertensive	Cipla	10	2027-12-31	35	\N	1
8	Omeprazole	20mg	\N	Antacid	Himal Drug	18	2027-12-31	40	\N	1
9	Cough Syrup	100ml	\N	Expectorant	Jamuna Pharma	95	2026-12-31	20	\N	1
10	ORS Sachet	21.8g	\N	Rehydration	Himal Drug	25	2027-12-31	50	\N	1
11	Vitamin C	500mg	\N	Supplement	Healthvit	5	2027-12-31	30	\N	1
12	Pantoprazole	40mg	\N	Antacid	Sun Pharma	22	2027-12-31	30	\N	1
13	Doxycycline	100mg	\N	Antibiotic	Cipla	30	2027-06-30	20	\N	1
14	Clonazepam	0.5mg	\N	Anxiolytic	Roche	35	2027-12-31	15	\N	1
15	Atenolol	50mg	\N	Antihypertensive	Cipla	8	2027-12-31	30	\N	1
16	Diclofenac	50mg	\N	NSAID	Novartis	14	2027-12-31	35	\N	1
17	Metronidazole	400mg	\N	Antibiotic	Himal Drug	12	2027-06-30	25	\N	1
18	Loratadine	10mg	\N	Antihistamine	Cipla	8	2027-12-31	25	\N	1
19	Calcium + Vit D3	500mg	\N	Supplement	Healthvit	20	2027-12-31	30	\N	1
20	Zinc Sulfate	20mg	\N	Supplement	Himal Drug	10	2027-12-31	25	\N	1
21	Ranitidine	150mg	\N	Antacid	GSK	15	2027-06-30	25	\N	1
22	Ciprofloxacin	500mg	\N	Antibiotic	Cipla	28	2027-06-30	20	\N	1
23	Prednisolone	5mg	\N	Corticosteroid	Himal Drug	18	2027-12-31	15	\N	1
24	Salbutamol Inhaler	100mcg	\N	Bronchodilator	GSK	320	2027-06-30	10	\N	1
25	Insulin Glargine	100U/ml	\N	Antidiabetic	Sanofi	850	2026-12-31	8	\N	1
\.


--
-- Data for Name: patients; Type: TABLE DATA; Schema: public; Owner: postgres
--

COPY public.patients (id, patient_id, name, age, sex, contact, address, created_at) FROM stdin;
\.


--
-- Data for Name: prescriptions; Type: TABLE DATA; Schema: public; Owner: postgres
--

COPY public.prescriptions (id, patient_id, diagnosis, medicines, tests, status, created_at, doctor_id) FROM stdin;
428	219	Take some test.	{"doctor": "Nikesh Oli", "items": []}	["Complete Blood Count (CBC)", "Liver Function Test (LFT)", "Kidney Function Test (KFT)", "Urine Routine Examination"]	Pending	2026-03-31 03:32:00.242428	\N
429	241	Knee swollen and need to take some tests.	{"doctor": "Bikram Thapa", "items": []}	["Complete Blood Count (CBC)", "Lipid Profile"]	Pending	2026-03-31 05:31:19.485135	\N
457	241	test	{"doctor": "Nikesh Oli", "items": []}	["Random Blood Sugar (RBS)", "Kidney Function Test (KFT)"]	Pending	2026-03-31 06:37:19.156462	\N
460	244	Eye checked and need do to some regular tests.	{"doctor": "Rajesh Kumar Sharma", "items": []}	["Complete Blood Count (CBC)", "Kidney Function Test (KFT)", "Urine Routine Examination"]	Pending	2026-03-31 13:14:13.620832	\N
464	248	Knee swollen. Did some minor examinations and I've recommended some tests to be done.	{"doctor": "Bikram Thapa", "items": []}	["Complete Blood Count (CBC)", "Liver Function Test (LFT)", "Urine Routine Examination"]	Pending	2026-04-01 00:28:11.027928	\N
467	252	Take some tests.	{"doctor": "Sita Devi Adhikari", "items": []}	["Complete Blood Count (CBC)", "Liver Function Test (LFT)", "Kidney Function Test (KFT)", "Urine Routine Examination", "Thyroid Profile (T3, T4, TSH)"]	Pending	2026-04-01 03:25:37.072942	\N
469	253	Patient presents with abnormal vaginal discharge. On assessment:\n\nDischarge is thick, white, and curd-like in consistency, accompanied by moderate vulvar itching and mild irritation — findings consistent with vulvovaginal candidiasis. No significant odor noted. Vaginal pH is within normal range. Recommend antifungal therapy (topical clotrimazole or oral fluconazole) and follow-up if symptoms persist.	{"doctor": "Sita Devi Adhikari", "items": []}	["Complete Blood Count (CBC)", "Lipid Profile", "Urine Routine Examination"]	Pending	2026-04-01 08:40:41.795297	\N
474	256	Take some tests first:	{"doctor": "Anil Bahadur Gurung", "items": []}	["Complete Blood Count (CBC)", "Kidney Function Test (KFT)", "Lipid Profile"]	Pending	2026-04-01 14:08:12.826614	\N
430	241	Tests are clean. For swollen area, i've suggested some medicines.	{"doctor": "Bikram Thapa", "items": [{"name": "Amlodipine", "dose": "1-1-1", "timing": "Before Food", "duration": "3 Months", "selected": true}, {"name": "ORS Sachet", "dose": "1-0-1", "timing": "After Food", "duration": "1 Month", "selected": true}, {"name": "Doxycycline", "dose": "1-1-1", "timing": "After Food", "duration": "2 Months", "selected": true}, {"name": "Paracetamol", "dose": "1-1-1", "timing": "After Food", "duration": "3 Months", "selected": true}]}	["No tests selected"]	Pending	2026-03-31 05:37:03.20256	\N
458	241	test	{"doctor": "Nikesh Oli", "items": []}	["Complete Blood Count (CBC)"]	Pending	2026-03-31 06:42:35.398848	\N
461	244	After taking tests, I've prescribed some medicines.	{"doctor": "Nikesh Oli", "items": [{"name": "Paracetamol", "dose": "1-1-1", "timing": "After Food", "duration": "2 Months", "selected": true}, {"name": "ORS Sachet", "dose": "1-1-1", "timing": "Before Food", "duration": "3 Months", "selected": true}, {"name": "Ibuprofen", "dose": "1-0-1", "timing": "After Food", "duration": "3 Months", "selected": true}, {"name": "Insulin Glargine", "dose": "1-1-1", "timing": "After Food", "duration": "3 Months", "selected": true}]}	["No tests selected"]	Pending	2026-03-31 13:20:53.282377	\N
462	241	Take some tests	{"doctor": "Nikesh Oli", "items": []}	["Random Blood Sugar (RBS)", "Liver Function Test (LFT)", "Kidney Function Test (KFT)"]	Pending	2026-03-31 14:45:27.937298	\N
465	248	After doing some important tests, I found out that sh'e having Low status in Heamogoblim. So I've prescribed some medicines.	{"doctor": "Bikram Thapa", "items": [{"name": "ORS Sachet", "dose": "1-1-1", "timing": "After Food", "duration": "3 Months", "selected": true}, {"name": "Cetirizine", "dose": "1-1-1", "timing": "Before Food", "duration": "3 Months", "selected": true}, {"name": "Calcium + Vit D3", "dose": "1-0-1", "timing": "Before Food", "duration": "2 Months", "selected": true}]}	["No tests selected"]	Pending	2026-04-01 00:58:21.815831	\N
468	252	take some meds	{"doctor": "Sita Devi Adhikari", "items": [{"name": "Paracetamol", "dose": "1-1-1", "timing": "Before Food", "duration": "3 Months", "selected": true}, {"name": "Azithromycin", "dose": "0-1-0", "timing": "After Food", "duration": "2 Months", "selected": true}, {"name": "Ibuprofen", "dose": "1-1-1", "timing": "After Food", "duration": "3 Months", "selected": true}]}	["No tests selected"]	Pending	2026-04-01 03:31:09.325732	\N
475	256	Prescribed some meds.	{"doctor": "Anil Bahadur Gurung", "items": [{"name": "Ibuprofen", "dose": "1-1-1", "timing": "After Food", "duration": "5 Days", "selected": true}, {"name": "Paracetamol", "dose": "1-0-1", "timing": "Before Food", "duration": "3 Months", "selected": true}, {"name": "Cough Syrup", "dose": "1-1-1", "timing": "Before Food", "duration": "3 Months", "selected": true}, {"name": "Salbutamol Inhaler", "dose": "0-1-0", "timing": "After Food", "duration": "1 Month", "selected": true}]}	["No tests selected"]	Pending	2026-04-01 14:12:32.573419	\N
431	1	Hypertension	{"doctor":"Anil Bahadur Gurung","items":[]}	[]	active	2026-02-03 10:00:00	\N
432	2	Type 2 Diabetes	{"doctor":"Anil Bahadur Gurung","items":[]}	[]	active	2026-02-07 10:00:00	\N
433	3	Viral Fever	{"doctor":"Anil Bahadur Gurung","items":[]}	[]	active	2026-02-12 10:00:00	\N
434	4	Allergic Rhinitis	{"doctor":"Anil Bahadur Gurung","items":[]}	[]	active	2026-02-18 10:00:00	\N
435	5	GERD	{"doctor":"Sita Devi Adhikari","items":[]}	[]	active	2026-02-04 10:00:00	\N
436	6	Migraine	{"doctor":"Sita Devi Adhikari","items":[]}	[]	active	2026-02-09 10:00:00	\N
437	7	Skin Allergy	{"doctor":"Sita Devi Adhikari","items":[]}	[]	active	2026-02-14 10:00:00	\N
438	8	Conjunctivitis	{"doctor":"Sunita Rai","items":[]}	[]	active	2026-02-05 10:00:00	\N
439	9	Lower Back Pain	{"doctor":"Sunita Rai","items":[]}	[]	active	2026-02-11 10:00:00	\N
440	10	Anemia	{"doctor":"Sunita Rai","items":[]}	[]	active	2026-02-16 10:00:00	\N
441	11	Hypertension	{"doctor":"Rajesh Kumar Sharma","items":[]}	[]	active	2026-02-06 10:00:00	\N
442	12	Peptic Ulcer Disease	{"doctor":"Rajesh Kumar Sharma","items":[]}	[]	active	2026-02-13 10:00:00	\N
443	13	Bronchial Asthma	{"doctor":"Bikram Thapa","items":[]}	[]	active	2026-02-05 10:00:00	\N
444	14	Osteoarthritis	{"doctor":"Bikram Thapa","items":[]}	[]	active	2026-02-10 10:00:00	\N
445	15	Anxiety Disorder	{"doctor":"Bikram Thapa","items":[]}	[]	active	2026-02-17 10:00:00	\N
459	140	test	{"doctor": "Nikesh Oli", "items": []}	["Random Blood Sugar (RBS)", "Lipid Profile"]	Pending	2026-03-31 06:55:37.406554	\N
463	244	test	{"doctor": "Nikesh Oli", "items": []}	["Random Blood Sugar (RBS)", "Lipid Profile"]	Pending	2026-03-31 15:12:26.678454	\N
466	250	Test	{"doctor": "Nikesh Oli", "items": []}	["Complete Blood Count (CBC)", "Random Blood Sugar (RBS)", "Kidney Function Test (KFT)"]	Pending	2026-04-01 01:39:51.77177	\N
470	253	Everything seems normal from the test. For ease, I've prescribed some medications. Please use it according to the guidance given.	{"doctor": "Sita Devi Adhikari", "items": [{"name": "Ibuprofen", "dose": "1-1-1", "timing": "Before Food", "duration": "3 Months", "selected": true}, {"name": "Insulin Glargine", "dose": "1-1-1", "timing": "Before Food", "duration": "3 Months", "selected": true}, {"name": "Paracetamol", "dose": "1-1-1", "timing": "After Food", "duration": "3 Months", "selected": true}, {"name": "Cough Syrup", "dose": "1-1-1", "timing": "After Food", "duration": "3 Months", "selected": true}]}	["No tests selected"]	Pending	2026-04-01 08:54:36.850504	\N
476	257	TEST	{"doctor": "Nikesh Oli", "items": []}	["Complete Blood Count (CBC)", "Lipid Profile"]	Pending	2026-04-02 00:58:19.937668	\N
446	1	Hypertension	{"doctor":"Anil Bahadur Gurung","items":[]}	[]	active	2026-01-05 10:00:00	\N
447	2	Viral Fever	{"doctor":"Anil Bahadur Gurung","items":[]}	[]	active	2026-01-12 10:00:00	\N
448	3	GERD	{"doctor":"Sita Devi Adhikari","items":[]}	[]	active	2026-01-07 10:00:00	\N
449	4	Migraine	{"doctor":"Sita Devi Adhikari","items":[]}	[]	active	2026-01-14 10:00:00	\N
450	5	Conjunctivitis	{"doctor":"Sunita Rai","items":[]}	[]	active	2026-01-08 10:00:00	\N
451	6	Lower Back Pain	{"doctor":"Sunita Rai","items":[]}	[]	active	2026-01-15 10:00:00	\N
452	7	Hypertension	{"doctor":"Rajesh Kumar Sharma","items":[]}	[]	active	2026-01-09 10:00:00	\N
453	8	Bronchial Asthma	{"doctor":"Bikram Thapa","items":[]}	[]	active	2026-01-06 10:00:00	\N
454	9	Osteoarthritis	{"doctor":"Bikram Thapa","items":[]}	[]	active	2026-01-13 10:00:00	\N
471	253	Patient presents with abnormal vaginal discharge. On assessment: Discharge is thick, white, and curd-like in consistency, accompanied by moderate vulvar itching and mild irritation.	{"doctor": "Sunita Rai", "items": [{"name": "Cough Syrup", "dose": "1-1-1", "timing": "Before Food", "duration": "15 Days", "selected": true}, {"name": "Ibuprofen", "dose": "1-0-1", "timing": "After Food", "duration": "2 Months", "selected": true}]}	["No tests selected"]	Pending	2026-04-01 09:20:58.806088	\N
472	253	Do some tests	{"doctor": "Sunita Rai", "items": []}	["Complete Blood Count (CBC)", "Liver Function Test (LFT)"]	Pending	2026-04-01 09:22:47.48418	\N
473	254	Do some heart tests first.	{"doctor": "Anil Bahadur Gurung", "items": []}	["Complete Blood Count (CBC)", "Lipid Profile"]	Pending	2026-04-01 09:33:14.662574	\N
477	257	Take some meds:	{"doctor": "Nikesh Oli", "items": [{"name": "Cough Syrup", "dose": "1-1-1", "timing": "After Food", "duration": "3 Months", "selected": true}, {"name": "Ibuprofen", "dose": "1-1-1", "timing": "After Food", "duration": "3 Months", "selected": true}, {"name": "Insulin Glargine", "dose": "1-1-1", "timing": "After Food", "duration": "1 Month", "selected": true}, {"name": "Metformin", "dose": "1-0-1", "timing": "Before Food", "duration": "2 Months", "selected": true}]}	["No tests selected"]	Pending	2026-04-02 01:13:49.372804	\N
455	243	Take some tests	{"doctor": "Sunita Rai", "items": []}	["Complete Blood Count (CBC)", "Random Blood Sugar (RBS)"]	Pending	2026-03-31 06:19:00.722504	\N
478	257	Do some tests	{"doctor": "Nikesh Oli", "items": [{"name": "Cough Syrup", "dose": "1-0-1", "timing": "Before Food", "duration": "5 Days", "selected": true}, {"name": "Paracetamol", "dose": "1-1-1", "timing": "After Food", "duration": "3 Months", "selected": true}]}	["Complete Blood Count (CBC)", "Urine Routine Examination"]	Pending	2026-04-02 01:37:19.148595	\N
270	4	Urinary Tract Infection	{"doctor":"Anil Bahadur Gurung","items":[]}	[]	active	2026-03-04 00:00:00	\N
271	29	Allergic Rhinitis	{"doctor":"Anil Bahadur Gurung","items":[]}	[]	active	2026-03-08 00:00:00	\N
272	14	Conjunctivitis	{"doctor":"Anil Bahadur Gurung","items":[]}	[]	active	2026-03-24 00:00:00	\N
273	76	Viral Fever	{"doctor":"Anil Bahadur Gurung","items":[]}	[]	active	2026-03-03 00:00:00	\N
274	4	Upper Respiratory Tract Infection	{"doctor":"Anil Bahadur Gurung","items":[]}	[]	active	2026-03-02 00:00:00	\N
275	30	GERD	{"doctor":"Anil Bahadur Gurung","items":[]}	[]	active	2026-03-07 00:00:00	\N
276	4	Conjunctivitis	{"doctor":"Anil Bahadur Gurung","items":[]}	[]	active	2026-03-20 00:00:00	\N
277	92	Conjunctivitis	{"doctor":"Anil Bahadur Gurung","items":[]}	[]	active	2026-03-07 00:00:00	\N
278	58	Migraine	{"doctor":"Sita Devi Adhikari","items":[]}	[]	active	2026-03-08 00:00:00	\N
279	1	Tension Headache	{"doctor":"Sita Devi Adhikari","items":[]}	[]	active	2026-03-09 00:00:00	\N
280	55	Fever with Cough	{"doctor":"Sita Devi Adhikari","items":[]}	[]	active	2026-03-23 00:00:00	\N
281	20	Lower Back Pain	{"doctor":"Sita Devi Adhikari","items":[]}	[]	active	2026-03-09 00:00:00	\N
282	44	Acute Gastritis	{"doctor":"Sita Devi Adhikari","items":[]}	[]	active	2026-03-25 00:00:00	\N
283	49	Acute Gastritis	{"doctor":"Sita Devi Adhikari","items":[]}	[]	active	2026-03-03 00:00:00	\N
284	45	Hypothyroidism	{"doctor":"Sunita Rai","items":[]}	[]	active	2026-03-28 00:00:00	\N
285	6	Osteoarthritis	{"doctor":"Sunita Rai","items":[]}	[]	active	2026-03-09 00:00:00	\N
286	16	Anemia	{"doctor":"Sunita Rai","items":[]}	[]	active	2026-03-18 00:00:00	\N
287	71	Skin Allergy	{"doctor":"Sunita Rai","items":[]}	[]	active	2026-03-03 00:00:00	\N
288	81	Hypothyroidism	{"doctor":"Sunita Rai","items":[]}	[]	active	2026-03-27 00:00:00	\N
289	25	Upper Respiratory Tract Infection	{"doctor":"Rajesh Kumar Sharma","items":[]}	[]	active	2026-03-19 00:00:00	\N
290	85	Bronchial Asthma	{"doctor":"Rajesh Kumar Sharma","items":[]}	[]	active	2026-03-02 00:00:00	\N
291	38	Upper Respiratory Tract Infection	{"doctor":"Rajesh Kumar Sharma","items":[]}	[]	active	2026-03-25 00:00:00	\N
292	30	Acute Gastritis	{"doctor":"Rajesh Kumar Sharma","items":[]}	[]	active	2026-03-28 00:00:00	\N
293	36	Osteoarthritis	{"doctor":"Rajesh Kumar Sharma","items":[]}	[]	active	2026-03-13 00:00:00	\N
294	47	Tension Headache	{"doctor":"Bikram Thapa","items":[]}	[]	active	2026-03-27 00:00:00	\N
295	46	Lower Back Pain	{"doctor":"Bikram Thapa","items":[]}	[]	active	2026-03-12 00:00:00	\N
296	35	Upper Respiratory Tract Infection	{"doctor":"Bikram Thapa","items":[]}	[]	active	2026-03-22 00:00:00	\N
297	82	Tension Headache	{"doctor":"Bikram Thapa","items":[]}	[]	active	2026-03-20 00:00:00	\N
298	94	Bronchial Asthma	{"doctor":"Bikram Thapa","items":[]}	[]	active	2026-03-18 00:00:00	\N
299	60	Anemia	{"doctor":"Bikram Thapa","items":[]}	[]	active	2026-03-06 00:00:00	\N
300	82	Conjunctivitis	{"doctor":"Bikram Thapa","items":[]}	[]	active	2026-03-09 00:00:00	\N
301	88	Fever with Cough	{"doctor":"Bikram Thapa","items":[]}	[]	active	2026-03-08 00:00:00	\N
302	5	Fever with Cough	{"doctor":"Anil Bahadur Gurung","items":[]}	[]	active	2026-01-08 00:00:00	\N
303	35	Upper Respiratory Tract Infection	{"doctor":"Anil Bahadur Gurung","items":[]}	[]	active	2026-01-13 00:00:00	\N
304	73	Fever with Cough	{"doctor":"Anil Bahadur Gurung","items":[]}	[]	active	2026-01-07 00:00:00	\N
305	64	Anemia	{"doctor":"Sita Devi Adhikari","items":[]}	[]	active	2026-01-21 00:00:00	\N
306	59	Allergic Rhinitis	{"doctor":"Sita Devi Adhikari","items":[]}	[]	active	2026-01-21 00:00:00	\N
307	18	Bronchial Asthma	{"doctor":"Sita Devi Adhikari","items":[]}	[]	active	2026-01-09 00:00:00	\N
308	72	Conjunctivitis	{"doctor":"Sita Devi Adhikari","items":[]}	[]	active	2026-01-24 00:00:00	\N
309	75	Viral Fever	{"doctor":"Sunita Rai","items":[]}	[]	active	2026-01-24 00:00:00	\N
310	52	Peptic Ulcer Disease	{"doctor":"Sunita Rai","items":[]}	[]	active	2026-01-19 00:00:00	\N
311	18	GERD	{"doctor":"Sunita Rai","items":[]}	[]	active	2026-01-08 00:00:00	\N
312	12	Type 2 Diabetes	{"doctor":"Sunita Rai","items":[]}	[]	active	2026-01-16 00:00:00	\N
313	15	Allergic Rhinitis	{"doctor":"Sunita Rai","items":[]}	[]	active	2026-01-28 00:00:00	\N
314	88	Viral Fever	{"doctor":"Rajesh Kumar Sharma","items":[]}	[]	active	2026-01-06 00:00:00	\N
315	9	Anemia	{"doctor":"Rajesh Kumar Sharma","items":[]}	[]	active	2026-01-20 00:00:00	\N
316	77	Osteoarthritis	{"doctor":"Rajesh Kumar Sharma","items":[]}	[]	active	2026-01-13 00:00:00	\N
317	33	Conjunctivitis	{"doctor":"Rajesh Kumar Sharma","items":[]}	[]	active	2026-01-17 00:00:00	\N
318	2	Acute Gastritis	{"doctor":"Rajesh Kumar Sharma","items":[]}	[]	active	2026-01-28 00:00:00	\N
319	69	Urinary Tract Infection	{"doctor":"Rajesh Kumar Sharma","items":[]}	[]	active	2026-01-22 00:00:00	\N
320	83	Fever with Cough	{"doctor":"Rajesh Kumar Sharma","items":[]}	[]	active	2026-01-25 00:00:00	\N
321	38	Viral Fever	{"doctor":"Rajesh Kumar Sharma","items":[]}	[]	active	2026-01-04 00:00:00	\N
322	1	Urinary Tract Infection	{"doctor":"Bikram Thapa","items":[]}	[]	active	2026-01-15 00:00:00	\N
323	98	Tension Headache	{"doctor":"Bikram Thapa","items":[]}	[]	active	2026-01-17 00:00:00	\N
324	14	Skin Allergy	{"doctor":"Bikram Thapa","items":[]}	[]	active	2026-01-17 00:00:00	\N
325	82	GERD	{"doctor":"Bikram Thapa","items":[]}	[]	active	2026-01-27 00:00:00	\N
326	20	Peptic Ulcer Disease	{"doctor":"Anil Bahadur Gurung","items":[]}	[]	active	2025-12-07 00:00:00	\N
327	21	Conjunctivitis	{"doctor":"Anil Bahadur Gurung","items":[]}	[]	active	2025-12-25 00:00:00	\N
328	68	Hypertension	{"doctor":"Anil Bahadur Gurung","items":[]}	[]	active	2025-12-25 00:00:00	\N
329	42	Anxiety Disorder	{"doctor":"Anil Bahadur Gurung","items":[]}	[]	active	2025-12-20 00:00:00	\N
330	15	Peptic Ulcer Disease	{"doctor":"Anil Bahadur Gurung","items":[]}	[]	active	2025-12-01 00:00:00	\N
331	40	Bronchial Asthma	{"doctor":"Anil Bahadur Gurung","items":[]}	[]	active	2025-12-27 00:00:00	\N
332	31	Migraine	{"doctor":"Anil Bahadur Gurung","items":[]}	[]	active	2025-12-02 00:00:00	\N
333	94	Anxiety Disorder	{"doctor":"Sita Devi Adhikari","items":[]}	[]	active	2025-12-03 00:00:00	\N
334	9	Conjunctivitis	{"doctor":"Sita Devi Adhikari","items":[]}	[]	active	2025-12-27 00:00:00	\N
335	17	Allergic Rhinitis	{"doctor":"Sita Devi Adhikari","items":[]}	[]	active	2025-12-25 00:00:00	\N
336	71	Tension Headache	{"doctor":"Sunita Rai","items":[]}	[]	active	2025-12-16 00:00:00	\N
337	68	Hypothyroidism	{"doctor":"Sunita Rai","items":[]}	[]	active	2025-12-09 00:00:00	\N
338	28	Conjunctivitis	{"doctor":"Sunita Rai","items":[]}	[]	active	2025-12-14 00:00:00	\N
339	94	Lower Back Pain	{"doctor":"Sunita Rai","items":[]}	[]	active	2025-12-25 00:00:00	\N
340	40	Anemia	{"doctor":"Sunita Rai","items":[]}	[]	active	2025-12-23 00:00:00	\N
341	84	Peptic Ulcer Disease	{"doctor":"Sunita Rai","items":[]}	[]	active	2025-12-22 00:00:00	\N
342	67	Osteoarthritis	{"doctor":"Sunita Rai","items":[]}	[]	active	2025-12-15 00:00:00	\N
343	32	Bronchial Asthma	{"doctor":"Sunita Rai","items":[]}	[]	active	2025-12-04 00:00:00	\N
344	3	Migraine	{"doctor":"Rajesh Kumar Sharma","items":[]}	[]	active	2025-12-11 00:00:00	\N
345	30	Migraine	{"doctor":"Rajesh Kumar Sharma","items":[]}	[]	active	2025-12-18 00:00:00	\N
346	1	Upper Respiratory Tract Infection	{"doctor":"Rajesh Kumar Sharma","items":[]}	[]	active	2025-12-08 00:00:00	\N
347	8	Bronchial Asthma	{"doctor":"Bikram Thapa","items":[]}	[]	active	2025-12-21 00:00:00	\N
348	5	Fever with Cough	{"doctor":"Bikram Thapa","items":[]}	[]	active	2025-12-03 00:00:00	\N
349	66	Bronchial Asthma	{"doctor":"Bikram Thapa","items":[]}	[]	active	2025-12-03 00:00:00	\N
350	86	Anxiety Disorder	{"doctor":"Bikram Thapa","items":[]}	[]	active	2025-12-09 00:00:00	\N
351	70	Allergic Rhinitis	{"doctor":"Bikram Thapa","items":[]}	[]	active	2025-12-07 00:00:00	\N
352	74	Migraine	{"doctor":"Bikram Thapa","items":[]}	[]	active	2025-12-24 00:00:00	\N
353	32	Anxiety Disorder	{"doctor":"Bikram Thapa","items":[]}	[]	active	2025-12-16 00:00:00	\N
354	53	Lower Back Pain	{"doctor":"Bikram Thapa","items":[]}	[]	active	2025-12-26 00:00:00	\N
355	85	Viral Fever	{"doctor":"Anil Bahadur Gurung","items":[]}	[]	active	2025-12-04 00:00:00	\N
356	55	Viral Fever	{"doctor":"Anil Bahadur Gurung","items":[]}	[]	active	2025-12-12 00:00:00	\N
357	94	Type 2 Diabetes	{"doctor":"Anil Bahadur Gurung","items":[]}	[]	active	2025-12-15 00:00:00	\N
358	83	Acute Gastritis	{"doctor":"Sita Devi Adhikari","items":[]}	[]	active	2025-12-21 00:00:00	\N
359	52	Fever with Cough	{"doctor":"Sita Devi Adhikari","items":[]}	[]	active	2025-12-02 00:00:00	\N
360	14	Bronchial Asthma	{"doctor":"Sita Devi Adhikari","items":[]}	[]	active	2025-12-26 00:00:00	\N
361	25	Conjunctivitis	{"doctor":"Sita Devi Adhikari","items":[]}	[]	active	2025-12-07 00:00:00	\N
362	18	Viral Fever	{"doctor":"Sita Devi Adhikari","items":[]}	[]	active	2025-12-15 00:00:00	\N
363	36	Osteoarthritis	{"doctor":"Sita Devi Adhikari","items":[]}	[]	active	2025-12-06 00:00:00	\N
364	10	Osteoarthritis	{"doctor":"Sita Devi Adhikari","items":[]}	[]	active	2025-12-08 00:00:00	\N
365	71	Acute Gastritis	{"doctor":"Sita Devi Adhikari","items":[]}	[]	active	2025-12-26 00:00:00	\N
366	70	Hypertension	{"doctor":"Sunita Rai","items":[]}	[]	active	2025-12-21 00:00:00	\N
367	97	Bronchial Asthma	{"doctor":"Sunita Rai","items":[]}	[]	active	2025-12-03 00:00:00	\N
368	53	Anxiety Disorder	{"doctor":"Sunita Rai","items":[]}	[]	active	2025-12-06 00:00:00	\N
369	52	Type 2 Diabetes	{"doctor":"Rajesh Kumar Sharma","items":[]}	[]	active	2025-12-07 00:00:00	\N
370	49	Hypertension	{"doctor":"Rajesh Kumar Sharma","items":[]}	[]	active	2025-12-06 00:00:00	\N
371	34	Osteoarthritis	{"doctor":"Rajesh Kumar Sharma","items":[]}	[]	active	2025-12-13 00:00:00	\N
372	55	Conjunctivitis	{"doctor":"Rajesh Kumar Sharma","items":[]}	[]	active	2025-12-10 00:00:00	\N
373	92	Anxiety Disorder	{"doctor":"Rajesh Kumar Sharma","items":[]}	[]	active	2025-12-22 00:00:00	\N
374	25	Skin Allergy	{"doctor":"Rajesh Kumar Sharma","items":[]}	[]	active	2025-12-05 00:00:00	\N
375	75	Conjunctivitis	{"doctor":"Bikram Thapa","items":[]}	[]	active	2025-12-02 00:00:00	\N
376	96	Fever with Cough	{"doctor":"Bikram Thapa","items":[]}	[]	active	2025-12-02 00:00:00	\N
377	7	Migraine	{"doctor":"Bikram Thapa","items":[]}	[]	active	2025-12-02 00:00:00	\N
378	65	GERD	{"doctor":"Bikram Thapa","items":[]}	[]	active	2025-12-16 00:00:00	\N
379	66	Upper Respiratory Tract Infection	{"doctor":"Anil Bahadur Gurung","items":[]}	[]	active	2025-11-02 00:00:00	\N
380	24	Upper Respiratory Tract Infection	{"doctor":"Anil Bahadur Gurung","items":[]}	[]	active	2025-11-28 00:00:00	\N
381	9	Bronchial Asthma	{"doctor":"Anil Bahadur Gurung","items":[]}	[]	active	2025-11-20 00:00:00	\N
382	16	Migraine	{"doctor":"Anil Bahadur Gurung","items":[]}	[]	active	2025-11-13 00:00:00	\N
383	77	Type 2 Diabetes	{"doctor":"Sita Devi Adhikari","items":[]}	[]	active	2025-11-19 00:00:00	\N
384	11	Viral Fever	{"doctor":"Sita Devi Adhikari","items":[]}	[]	active	2025-11-20 00:00:00	\N
385	75	Migraine	{"doctor":"Sita Devi Adhikari","items":[]}	[]	active	2025-11-22 00:00:00	\N
386	41	Urinary Tract Infection	{"doctor":"Sita Devi Adhikari","items":[]}	[]	active	2025-11-17 00:00:00	\N
387	92	Fever with Cough	{"doctor":"Sunita Rai","items":[]}	[]	active	2025-11-22 00:00:00	\N
388	34	Anemia	{"doctor":"Sunita Rai","items":[]}	[]	active	2025-11-08 00:00:00	\N
389	86	Skin Allergy	{"doctor":"Sunita Rai","items":[]}	[]	active	2025-11-05 00:00:00	\N
390	41	Upper Respiratory Tract Infection	{"doctor":"Sunita Rai","items":[]}	[]	active	2025-11-15 00:00:00	\N
391	80	Migraine	{"doctor":"Rajesh Kumar Sharma","items":[]}	[]	active	2025-11-15 00:00:00	\N
392	10	Conjunctivitis	{"doctor":"Rajesh Kumar Sharma","items":[]}	[]	active	2025-11-04 00:00:00	\N
393	65	Urinary Tract Infection	{"doctor":"Rajesh Kumar Sharma","items":[]}	[]	active	2025-11-07 00:00:00	\N
394	9	Bronchial Asthma	{"doctor":"Bikram Thapa","items":[]}	[]	active	2025-11-12 00:00:00	\N
395	37	Tension Headache	{"doctor":"Bikram Thapa","items":[]}	[]	active	2025-11-12 00:00:00	\N
396	70	Skin Allergy	{"doctor":"Bikram Thapa","items":[]}	[]	active	2025-11-15 00:00:00	\N
397	84	GERD	{"doctor":"Bikram Thapa","items":[]}	[]	active	2025-11-20 00:00:00	\N
398	71	Skin Allergy	{"doctor":"Anil Bahadur Gurung","items":[]}	[]	active	2025-10-22 00:00:00	\N
399	14	Allergic Rhinitis	{"doctor":"Anil Bahadur Gurung","items":[]}	[]	active	2025-10-22 00:00:00	\N
400	15	Acute Gastritis	{"doctor":"Anil Bahadur Gurung","items":[]}	[]	active	2025-10-09 00:00:00	\N
401	20	Urinary Tract Infection	{"doctor":"Sita Devi Adhikari","items":[]}	[]	active	2025-10-18 00:00:00	\N
402	78	Lower Back Pain	{"doctor":"Sita Devi Adhikari","items":[]}	[]	active	2025-10-10 00:00:00	\N
403	44	Lower Back Pain	{"doctor":"Sita Devi Adhikari","items":[]}	[]	active	2025-10-23 00:00:00	\N
404	82	Urinary Tract Infection	{"doctor":"Sita Devi Adhikari","items":[]}	[]	active	2025-10-22 00:00:00	\N
405	63	Urinary Tract Infection	{"doctor":"Sita Devi Adhikari","items":[]}	[]	active	2025-10-17 00:00:00	\N
406	7	Upper Respiratory Tract Infection	{"doctor":"Sita Devi Adhikari","items":[]}	[]	active	2025-10-28 00:00:00	\N
407	55	Urinary Tract Infection	{"doctor":"Sita Devi Adhikari","items":[]}	[]	active	2025-10-21 00:00:00	\N
408	1	Fever with Cough	{"doctor":"Sita Devi Adhikari","items":[]}	[]	active	2025-10-02 00:00:00	\N
409	34	Tension Headache	{"doctor":"Sunita Rai","items":[]}	[]	active	2025-10-21 00:00:00	\N
410	57	Conjunctivitis	{"doctor":"Sunita Rai","items":[]}	[]	active	2025-10-24 00:00:00	\N
411	55	Conjunctivitis	{"doctor":"Sunita Rai","items":[]}	[]	active	2025-10-23 00:00:00	\N
412	15	Upper Respiratory Tract Infection	{"doctor":"Sunita Rai","items":[]}	[]	active	2025-10-01 00:00:00	\N
413	70	Type 2 Diabetes	{"doctor":"Rajesh Kumar Sharma","items":[]}	[]	active	2025-10-05 00:00:00	\N
414	48	Migraine	{"doctor":"Rajesh Kumar Sharma","items":[]}	[]	active	2025-10-27 00:00:00	\N
415	19	Viral Fever	{"doctor":"Rajesh Kumar Sharma","items":[]}	[]	active	2025-10-18 00:00:00	\N
416	6	Skin Allergy	{"doctor":"Rajesh Kumar Sharma","items":[]}	[]	active	2025-10-05 00:00:00	\N
417	6	Peptic Ulcer Disease	{"doctor":"Rajesh Kumar Sharma","items":[]}	[]	active	2025-10-12 00:00:00	\N
418	88	Bronchial Asthma	{"doctor":"Rajesh Kumar Sharma","items":[]}	[]	active	2025-10-07 00:00:00	\N
419	14	Peptic Ulcer Disease	{"doctor":"Rajesh Kumar Sharma","items":[]}	[]	active	2025-10-22 00:00:00	\N
420	72	Viral Fever	{"doctor":"Rajesh Kumar Sharma","items":[]}	[]	active	2025-10-25 00:00:00	\N
421	20	Bronchial Asthma	{"doctor":"Bikram Thapa","items":[]}	[]	active	2025-10-24 00:00:00	\N
422	21	Tension Headache	{"doctor":"Bikram Thapa","items":[]}	[]	active	2025-10-28 00:00:00	\N
423	4	Tension Headache	{"doctor":"Bikram Thapa","items":[]}	[]	active	2025-10-14 00:00:00	\N
424	43	Viral Fever	{"doctor":"Bikram Thapa","items":[]}	[]	active	2025-10-24 00:00:00	\N
425	86	Bronchial Asthma	{"doctor":"Bikram Thapa","items":[]}	[]	active	2025-10-26 00:00:00	\N
426	21	Acute Gastritis	{"doctor":"Bikram Thapa","items":[]}	[]	active	2025-10-09 00:00:00	\N
427	5	Anxiety Disorder	{"doctor":"Bikram Thapa","items":[]}	[]	active	2025-10-13 00:00:00	\N
456	243	All of the tests are normal. Take some meds ive prescribed.	{"doctor": "Sunita Rai", "items": [{"name": "Cough Syrup", "dose": "1-1-1", "timing": "Before Food", "duration": "3 Months", "selected": true}, {"name": "Doxycycline", "dose": "1-1-1", "timing": "After Food", "duration": "15 Days", "selected": true}, {"name": "Ibuprofen", "dose": "1-0-1", "timing": "After Food", "duration": "3 Months", "selected": true}, {"name": "Amoxicillin", "dose": "0-1-0", "timing": "After Food", "duration": "3 Months", "selected": true}]}	["No tests selected"]	Pending	2026-03-31 06:23:34.543701	\N
479	258	Do some tests first.	{"doctor": "Rajesh Kumar Sharma", "items": []}	["Complete Blood Count (CBC)", "Liver Function Test (LFT)", "Kidney Function Test (KFT)"]	Pending	2026-04-02 01:44:32.561842	\N
480	258	After viewing test result, I've prescribed some medications.	{"doctor": "Rajesh Kumar Sharma", "items": [{"name": "Diclofenac", "dose": "1-0-1", "timing": "Before Food", "duration": "3 Months", "selected": true}, {"name": "Paracetamol", "dose": "1-1-1", "timing": "After Food", "duration": "3 Months", "selected": true}]}	["No tests selected"]	Pending	2026-04-02 01:47:36.186113	\N
\.


--
-- Data for Name: return_items; Type: TABLE DATA; Schema: public; Owner: postgres
--

COPY public.return_items (id, bill_id, medicine_id, qty, created_at) FROM stdin;
\.


--
-- Data for Name: stocks; Type: TABLE DATA; Schema: public; Owner: postgres
--

COPY public.stocks (id, medicine_id, quantity, batch_no, updated_at) FROM stdin;
95	8	404	\N	2026-03-31 08:31:11.906246
98	11	389	\N	2026-03-31 08:31:11.906877
99	12	904	\N	2026-03-31 08:31:11.907074
101	14	332	\N	2026-03-31 08:31:11.907604
102	15	330	\N	2026-03-31 08:31:11.90777
104	17	523	\N	2026-03-31 08:31:11.908108
105	18	538	\N	2026-03-31 08:31:11.908265
107	20	916	\N	2026-03-31 08:31:11.908579
108	21	327	\N	2026-03-31 08:31:11.908748
109	22	874	\N	2026-03-31 08:31:11.908911
110	23	503	\N	2026-03-31 08:31:11.909059
94	7	430	\N	2026-03-31 08:31:11.906023
113	2	24	\N	2026-03-31 06:24:57.260241
114	1	24	\N	2026-03-31 06:25:06.779144
115	19	3	\N	2026-03-31 06:25:19.052052
89	2	411	\N	2026-03-31 08:31:11.904495
100	13	675	\N	2026-03-31 08:31:11.907452
106	19	757	\N	2026-03-31 08:31:11.908408
91	4	440	\N	2026-03-31 08:31:11.905111
116	1	4	\N	2026-04-01 02:07:10.981415
92	5	502	\N	2026-03-31 08:31:11.905455
97	10	693	\N	2026-03-31 08:31:11.906652
117	1	1	\N	2026-04-01 09:02:54.623492
111	24	964	\N	2026-03-31 08:31:11.909226
93	6	480	\N	2026-03-31 08:31:11.905758
112	25	705	\N	2026-03-31 08:31:11.909389
90	3	28	\N	2026-03-31 08:31:11.904809
96	9	956	\N	2026-03-31 08:31:11.906448
88	1	294	\N	2026-03-31 08:31:11.903384
103	16	251	\N	2026-03-31 08:31:11.907943
\.


--
-- Data for Name: test_requests; Type: TABLE DATA; Schema: public; Owner: postgres
--

COPY public.test_requests (id, patient_id, doctor_id, test_name, notes, status, payment_status, payment_method, payment_verified_at, ocr_report, created_at, price, lab_test_id) FROM stdin;
78	248	56	Urine Routine Examination	\N	Completed	Paid	\N	2026-04-01 00:32:28.31766	{"raw_text": "NiO's Hospital Pvt. Ltd: Birtamode 5 , Jhapa Name: Deepak Limbu Billing Date: 29/03/2026 06:20 Age: 28 Yrs Sample Collected: 29/03/2026 06.20 Sex: Male Report Released: 29/03/2026 08.20 P ID No: P1200109 Barcode No: 9904509 Test Name Result Ref Range Unit Hemoglobin (Hb) 11.1 12-16 gm/dL WBC Count 4.1 4-10 thoulL RBC Count 4.7 4-5.5 million/uL Hematocrit 43.1 36-48 %", "structured_data": {"Patient Name": "Deepak Limbu", "Age": "28", "Sex": "Male"}, "medical_analysis": {"Hemoglobin": {"value": 11.1, "unit": "g/dL", "range": "12.0 - 16.0", "status": "Low"}, "WBC": {"value": 4.1, "unit": "thou/\\u00b5L", "range": "4.0 - 10.0", "status": "Normal"}, "RBC": {"value": 4.7, "unit": "million/\\u00b5L", "range": "4.0 - 5.5", "status": "Normal"}, "PCV": {"value": 43.1, "unit": "%", "range": "36.0 - 48.0", "status": "Normal"}}}	2026-04-01 00:28:11.044242	0	\N
68	244	54	Complete Blood Count (CBC)	\N	Completed	Paid	\N	2026-03-31 13:14:57.998295	{"raw_text": "NiO's Hospital Pvt. Ltd: Birtamode 5, Jhapa Name: Sneha Singh Billing Date: 29/03/2026 06:20 Age: 33 Yrs Sample Collected: 29/03/2026 06.20 Sex: Female Report Released: 29/03/2026 08:20 P ID No: P1200103 Barcode No: 9904503 Test Name Result Ref Range Unit Hemoglobin (Hb) 12.3 12-16 gm/dL WBC Count 4.8 4-10 thoulL RBC Count 5.1 4-5.5 million/uL Hematocrit 39.9 36-48 %", "structured_data": {"Patient Name": "Sneha Singh", "Age": "33", "Sex": "Female"}, "medical_analysis": {"Hemoglobin": {"value": 12.3, "unit": "g/dL", "range": "12.0 - 16.0", "status": "Normal"}, "WBC": {"value": 4.8, "unit": "thou/\\u00b5L", "range": "4.0 - 10.0", "status": "Normal"}, "RBC": {"value": 5.1, "unit": "million/\\u00b5L", "range": "4.0 - 5.5", "status": "Normal"}, "PCV": {"value": 39.9, "unit": "%", "range": "36.0 - 48.0", "status": "Normal"}}}	2026-03-31 13:14:13.636894	0	\N
69	244	54	Kidney Function Test (KFT)	\N	Completed	Paid	\N	2026-03-31 13:14:57.998672	{"raw_text": "NiO's Hospital Pvt. Ltd: Birtamode 5 , Jhapa Name: Deepak Limbu Billing Date: 29/03/2026 06:20 Age: 28 Yrs Sample Collected: 29/03/2026 06.20 Sex: Male Report Released: 29/03/2026 08.20 P ID No: P1200109 Barcode No: 9904509 Test Name Result Ref Range Unit Hemoglobin (Hb) 11.1 12-16 gm/dL WBC Count 4.1 4-10 thoulL RBC Count 4.7 4-5.5 million/uL Hematocrit 43.1 36-48 %", "structured_data": {"Patient Name": "Deepak Limbu", "Age": "28", "Sex": "Male"}, "medical_analysis": {"Hemoglobin": {"value": 11.1, "unit": "g/dL", "range": "12.0 - 16.0", "status": "Low"}, "WBC": {"value": 4.1, "unit": "thou/\\u00b5L", "range": "4.0 - 10.0", "status": "Normal"}, "RBC": {"value": 4.7, "unit": "million/\\u00b5L", "range": "4.0 - 5.5", "status": "Normal"}, "PCV": {"value": 43.1, "unit": "%", "range": "36.0 - 48.0", "status": "Normal"}}}	2026-03-31 13:14:13.637106	0	\N
70	244	54	Urine Routine Examination	\N	Completed	Paid	\N	2026-03-31 13:14:57.999032	{"raw_text": "NiO's Hospital Pvt. Ltd: Birtamode 5 , Jhapa Name: Aarav Sharma Billing Date= 29/03/2026 06:20 Age: 41 Sample Collected: 29/03/2026 06.20 Sex: Male Report Released: 29/03/2026 08.20 P ID No: P1200100 Barcode No: 9904500 Test Name Result Ref Range Unit Hemoglobin (Hb) 12.5 12-16 gm/dL WBC Count 6.8 4-10 thoulL RBC Count 5.1 4-5.5 million/uL Hematocrit 47.1 36-48 % Yrs", "structured_data": {"Patient Name": "Aarav Sharma", "Age": "41", "Sex": "Male"}, "medical_analysis": {"Hemoglobin": {"value": 12.5, "unit": "g/dL", "range": "12.0 - 16.0", "status": "Normal"}, "WBC": {"value": 6.8, "unit": "thou/\\u00b5L", "range": "4.0 - 10.0", "status": "Normal"}, "RBC": {"value": 5.1, "unit": "million/\\u00b5L", "range": "4.0 - 5.5", "status": "Normal"}, "PCV": {"value": 47.1, "unit": "%", "range": "36.0 - 48.0", "status": "Normal"}}}	2026-03-31 13:14:13.637164	0	\N
77	248	56	Liver Function Test (LFT)	\N	Completed	Paid	\N	2026-04-01 00:32:28.317347	{"raw_text": "NiO's Hospital Pvt: Ltd. Birtamode 5 , Jhapa Name: Pooja Adhikari Billing Date: 29/03/2026 06.20 Age: 29 Sample Collected: 29/03/2026 06.20 Sex: Female Report Released: 29/03/2026 08:20 P ID No: P1200108 Barcode No: 9904508 Test Name Result Ref Range Unit Hemoglobin (Hb) 15.6 12-16 gm/dL WBC Count 4.4 4-10 thoulL RBC Count 4.4 4-5.5 million/uL Hematocrit 40.2 36-48 % Yrs", "structured_data": {"Patient Name": "Pooja Adhikari", "Age": "29", "Sex": "Female"}, "medical_analysis": {"Hemoglobin": {"value": 15.6, "unit": "g/dL", "range": "12.0 - 16.0", "status": "Normal"}, "WBC": {"value": 4.4, "unit": "thou/\\u00b5L", "range": "4.0 - 10.0", "status": "Normal"}, "RBC": {"value": 4.4, "unit": "million/\\u00b5L", "range": "4.0 - 5.5", "status": "Normal"}, "PCV": {"value": 40.2, "unit": "%", "range": "36.0 - 48.0", "status": "Normal"}}}	2026-04-01 00:28:11.04421	0	\N
55	219	2	Complete Blood Count (CBC)	\N	Not Done Yet	Unpaid	\N	\N	\N	2026-03-31 03:32:00.250218	0	\N
56	219	2	Liver Function Test (LFT)	\N	Not Done Yet	Unpaid	\N	\N	\N	2026-03-31 03:32:00.250281	0	\N
57	219	2	Kidney Function Test (KFT)	\N	Not Done Yet	Unpaid	\N	\N	\N	2026-03-31 03:32:00.250307	0	\N
58	219	2	Urine Routine Examination	\N	Not Done Yet	Unpaid	\N	\N	\N	2026-03-31 03:32:00.250329	0	\N
59	241	56	Complete Blood Count (CBC)	\N	Completed	Paid	\N	2026-03-31 05:32:10.300198	{"raw_text": "NiO's Hospital Pvt. Ltd: Birtamode 5, Jhapa Name: Kabir Shrestha Billing Date: 29/03/2026 06:20 Age: 60 Yrs Sample Collected: 29/03/2026 06.20 Sex: Male Report Released: 29/03/2026 08.20 P ID No: P1200104 Barcode No: 9904504 Test Name Result Ref Range Unit Hemoglobin (Hb) 14.3 12-16 gm/dL WBC Count 9.5 4-10 thouluL RBC Count 5.1 4-5.5 million/|L Hematocrit 47.7 36-48 %", "structured_data": {"Patient Name": "Kabir Shrestha", "Age": "60", "Sex": "Male"}, "medical_analysis": {"Hemoglobin": {"value": 14.3, "unit": "g/dL", "range": "12.0 - 16.0", "status": "Normal"}, "WBC": {"value": 9.5, "unit": "thou/\\u00b5L", "range": "4.0 - 10.0", "status": "Normal"}, "RBC": {"value": 5.1, "unit": "million/\\u00b5L", "range": "4.0 - 5.5", "status": "Normal"}, "PCV": {"value": 47.7, "unit": "%", "range": "36.0 - 48.0", "status": "Normal"}}}	2026-03-31 05:31:19.49838	0	\N
60	241	56	Lipid Profile	\N	Completed	Paid	\N	2026-03-31 05:32:10.300897	{"raw_text": "NiO's Hospital Pvt: Ltd. Birtamode 5 , Jhapa Name: Pooja Adhikari Billing Date: 29/03/2026 06.20 Age: 29 Sample Collected: 29/03/2026 06.20 Sex: Female Report Released: 29/03/2026 08:20 P ID No: P1200108 Barcode No: 9904508 Test Name Result Ref Range Unit Hemoglobin (Hb) 15.6 12-16 gm/dL WBC Count 4.4 4-10 thoulL RBC Count 4.4 4-5.5 million/uL Hematocrit 40.2 36-48 % Yrs", "structured_data": {"Patient Name": "Pooja Adhikari", "Age": "29", "Sex": "Female"}, "medical_analysis": {"Hemoglobin": {"value": 15.6, "unit": "g/dL", "range": "12.0 - 16.0", "status": "Normal"}, "WBC": {"value": 4.4, "unit": "thou/\\u00b5L", "range": "4.0 - 10.0", "status": "Normal"}, "RBC": {"value": 4.4, "unit": "million/\\u00b5L", "range": "4.0 - 5.5", "status": "Normal"}, "PCV": {"value": 40.2, "unit": "%", "range": "36.0 - 48.0", "status": "Normal"}}}	2026-03-31 05:31:19.498495	0	\N
102	258	54	Liver Function Test (LFT)	\N	Not Done Yet	Paid	\N	2026-04-02 01:45:02.054196	\N	2026-04-02 01:44:32.567608	0	\N
103	258	54	Kidney Function Test (KFT)	\N	Not Done Yet	Paid	\N	2026-04-02 01:45:02.054593	\N	2026-04-02 01:44:32.567625	0	\N
101	258	54	Complete Blood Count (CBC)	\N	Completed	Paid	\N	2026-04-02 01:45:02.053769	{"raw_text": "NiO's Hospital Pvt: Ltd: Birtamode 5 , Jhapa Name: Ramesh Bhandari Billing Date: 29/03/2026 06:20 Age: 41 Yrs Sample Collected: 29/03/2026 06.20 Sex: Male Report Released: 29/03/2026 08:20 P ID No: P1200107 Barcode No: 9904507 Test Name Result Ref Range Unit Hemoglobin (Hb) 13.8 12-16 gm/dL WBC Count 6.9 4-10 thoulL RBC Count 4.3 4-5.5 million/pL Hematocrit 37.5 36-48 %", "structured_data": {"Patient Name": "Ramesh Bhandari", "Age": "41", "Sex": "Male"}, "medical_analysis": {"Hemoglobin": {"value": 13.8, "unit": "g/dL", "range": "12.0 - 16.0", "status": "Normal"}, "WBC": {"value": 6.9, "unit": "thou/\\u00b5L", "range": "4.0 - 10.0", "status": "Normal"}, "RBC": {"value": 4.3, "unit": "million/\\u00b5L", "range": "4.0 - 5.5", "status": "Normal"}, "PCV": {"value": 37.5, "unit": "%", "range": "36.0 - 48.0", "status": "Normal"}}}	2026-04-02 01:44:32.567571	0	\N
61	243	57	Complete Blood Count (CBC)	\N	Completed	Paid	\N	2026-03-31 06:19:50.278079	{"raw_text": "NiO's Hospital Pvt. Ltd: Birtamode 5, Jhapa Name: Sneha Singh Billing Date: 29/03/2026 06:20 Age: 33 Yrs Sample Collected: 29/03/2026 06.20 Sex: Female Report Released: 29/03/2026 08:20 P ID No: P1200103 Barcode No: 9904503 Test Name Result Ref Range Unit Hemoglobin (Hb) 12.3 12-16 gm/dL WBC Count 4.8 4-10 thoulL RBC Count 5.1 4-5.5 million/uL Hematocrit 39.9 36-48 %", "structured_data": {"Patient Name": "Sneha Singh", "Age": "33", "Sex": "Female"}, "medical_analysis": {"Hemoglobin": {"value": 12.3, "unit": "g/dL", "range": "12.0 - 16.0", "status": "Normal"}, "WBC": {"value": 4.8, "unit": "thou/\\u00b5L", "range": "4.0 - 10.0", "status": "Normal"}, "RBC": {"value": 5.1, "unit": "million/\\u00b5L", "range": "4.0 - 5.5", "status": "Normal"}, "PCV": {"value": 39.9, "unit": "%", "range": "36.0 - 48.0", "status": "Normal"}}}	2026-03-31 06:19:00.72909	0	\N
62	243	57	Random Blood Sugar (RBS)	\N	Completed	Paid	\N	2026-03-31 06:19:50.278483	{"raw_text": "NiO's Hospital Pvt: Ltd. Birtamode 5, Jhapa Name: Anita Rai Billing Date: 29/03/2026 06:20 Age: 38 Yrs Sample Collected: 29/03/2026 06.20 Sex: Male Report Released: 29/03/2026 08:20 P ID No: P1200105 Barcode No: 9904505 Test Name Result Ref Range Unit Hemoglobin (Hb) 15.3 12-16 gm/dL WBC Count 6.2 4-10 thoulL RBC Count 4.3 4-5.5 million/uL Hematocrit 37.3 36-48 %", "structured_data": {"Patient Name": "Anita Rai", "Age": "38", "Sex": "Male"}, "medical_analysis": {"Hemoglobin": {"value": 15.3, "unit": "g/dL", "range": "12.0 - 16.0", "status": "Normal"}, "WBC": {"value": 6.2, "unit": "thou/\\u00b5L", "range": "4.0 - 10.0", "status": "Normal"}, "RBC": {"value": 4.3, "unit": "million/\\u00b5L", "range": "4.0 - 5.5", "status": "Normal"}, "PCV": {"value": 37.3, "unit": "%", "range": "36.0 - 48.0", "status": "Normal"}}}	2026-03-31 06:19:00.729131	0	\N
71	241	2	Random Blood Sugar (RBS)	\N	Not Done Yet	Paid	\N	2026-03-31 14:47:44.037315	\N	2026-03-31 14:45:27.945731	0	\N
72	241	2	Liver Function Test (LFT)	\N	Not Done Yet	Paid	\N	2026-03-31 14:47:44.037578	\N	2026-03-31 14:45:27.945865	0	\N
73	241	2	Kidney Function Test (KFT)	\N	Not Done Yet	Paid	\N	2026-03-31 14:57:20.694443	\N	2026-03-31 14:45:27.945908	0	\N
76	248	56	Complete Blood Count (CBC)	\N	Completed	Paid	\N	2026-04-01 00:32:28.316932	{"raw_text": "NiO's Hospital Pvt. Ltd: Birtamode 5, Jhapa Name: Kabir Shrestha Billing Date: 29/03/2026 06:20 Age: 60 Yrs Sample Collected: 29/03/2026 06.20 Sex: Male Report Released: 29/03/2026 08.20 P ID No: P1200104 Barcode No: 9904504 Test Name Result Ref Range Unit Hemoglobin (Hb) 14.3 12-16 gm/dL WBC Count 9.5 4-10 thouluL RBC Count 5.1 4-5.5 million/|L Hematocrit 47.7 36-48 %", "structured_data": {"Patient Name": "Kabir Shrestha", "Age": "60", "Sex": "Male"}, "medical_analysis": {"Hemoglobin": {"value": 14.3, "unit": "g/dL", "range": "12.0 - 16.0", "status": "Normal"}, "WBC": {"value": 9.5, "unit": "thou/\\u00b5L", "range": "4.0 - 10.0", "status": "Normal"}, "RBC": {"value": 5.1, "unit": "million/\\u00b5L", "range": "4.0 - 5.5", "status": "Normal"}, "PCV": {"value": 47.7, "unit": "%", "range": "36.0 - 48.0", "status": "Normal"}}}	2026-04-01 00:28:11.044138	0	\N
84	252	55	Kidney Function Test (KFT)	\N	Not Done Yet	Paid	\N	2026-04-01 03:26:32.877259	\N	2026-04-01 03:25:37.088332	0	\N
86	252	55	Thyroid Profile (T3, T4, TSH)	\N	Not Done Yet	Paid	\N	2026-04-01 03:26:32.877912	\N	2026-04-01 03:25:37.088429	0	\N
82	252	55	Complete Blood Count (CBC)	\N	Completed	Paid	\N	2026-04-01 03:26:32.876539	{"raw_text": "NiO's Hospital Pvt. Ltd. Birtamode 5 , Jhapa Name: Rohit Thapa Billing Date: 29/03/2026 06:20 Age: 43 Yrs Sample Collected: 29/03/2026 06.20 Sex: Female Report Released: 29/03/2026 08:20 P ID No: P1200102 Barcode No: 9904502 Test Name Result Ref Range Unit Hemoglobin (Hb) 13.5 12-16 gm/dL WBC Count 4.5 4-10 thoulL RBC Count 4.4 4-5.5 million/uL Hematocrit 42.5 36-48", "structured_data": {"Patient Name": "Rohit Thapa", "Age": "43", "Sex": "Female"}, "medical_analysis": {"Hemoglobin": {"value": 13.5, "unit": "g/dL", "range": "12.0 - 16.0", "status": "Normal"}, "WBC": {"value": 4.5, "unit": "thou/\\u00b5L", "range": "4.0 - 10.0", "status": "Normal"}, "RBC": {"value": 4.4, "unit": "million/\\u00b5L", "range": "4.0 - 5.5", "status": "Normal"}, "PCV": {"value": 42.5, "unit": "%", "range": "36.0 - 48.0", "status": "Normal"}}}	2026-04-01 03:25:37.088063	0	\N
85	252	55	Urine Routine Examination	\N	Completed	Paid	\N	2026-04-01 03:26:32.877575	{"raw_text": "NiO's Hospital Pvt. Ltd: Birtamode 5 , Jhapa Name: Deepak Limbu Billing Date: 29/03/2026 06:20 Age: 28 Yrs Sample Collected: 29/03/2026 06.20 Sex: Male Report Released: 29/03/2026 08.20 P ID No: P1200109 Barcode No: 9904509 Test Name Result Ref Range Unit Hemoglobin (Hb) 11.1 12-16 gm/dL WBC Count 4.1 4-10 thoulL RBC Count 4.7 4-5.5 million/uL Hematocrit 43.1 36-48 %", "structured_data": {"Patient Name": "Deepak Limbu", "Age": "28", "Sex": "Male"}, "medical_analysis": {"Hemoglobin": {"value": 11.1, "unit": "g/dL", "range": "12.0 - 16.0", "status": "Low"}, "WBC": {"value": 4.1, "unit": "thou/\\u00b5L", "range": "4.0 - 10.0", "status": "Normal"}, "RBC": {"value": 4.7, "unit": "million/\\u00b5L", "range": "4.0 - 5.5", "status": "Normal"}, "PCV": {"value": 43.1, "unit": "%", "range": "36.0 - 48.0", "status": "Normal"}}}	2026-04-01 03:25:37.088382	0	\N
94	256	58	Complete Blood Count (CBC)	\N	Completed	Paid	\N	2026-04-01 14:09:14.315976	{"raw_text": "NiO's Hospital Pvt. Ltd: Birtamode 5, Jhapa Name: Sneha Singh Billing Date: 29/03/2026 06:20 Age: 33 Yrs Sample Collected: 29/03/2026 06.20 Sex: Female Report Released: 29/03/2026 08:20 P ID No: P1200103 Barcode No: 9904503 Test Name Result Ref Range Unit Hemoglobin (Hb) 12.3 12-16 gm/dL WBC Count 4.8 4-10 thoulL RBC Count 5.1 4-5.5 million/uL Hematocrit 39.9 36-48 %", "structured_data": {"Patient Name": "Sneha Singh", "Age": "33", "Sex": "Female"}, "medical_analysis": {"Hemoglobin": {"value": 12.3, "unit": "g/dL", "range": "12.0 - 16.0", "status": "Normal"}, "WBC": {"value": 4.8, "unit": "thou/\\u00b5L", "range": "4.0 - 10.0", "status": "Normal"}, "RBC": {"value": 5.1, "unit": "million/\\u00b5L", "range": "4.0 - 5.5", "status": "Normal"}, "PCV": {"value": 39.9, "unit": "%", "range": "36.0 - 48.0", "status": "Normal"}}}	2026-04-01 14:08:12.839736	0	\N
63	241	2	Random Blood Sugar (RBS)	\N	Completed	Paid	\N	2026-03-31 06:38:09.251529	{"raw_text": "NiO's Hospital Pvt. Ltd: Birtamode 5 , Jhapa Name: Deepak Limbu Billing Date: 29/03/2026 06:20 Age: 28 Yrs Sample Collected: 29/03/2026 06.20 Sex: Male Report Released: 29/03/2026 08.20 P ID No: P1200109 Barcode No: 9904509 Test Name Result Ref Range Unit Hemoglobin (Hb) 11.1 12-16 gm/dL WBC Count 4.1 4-10 thoulL RBC Count 4.7 4-5.5 million/uL Hematocrit 43.1 36-48 %", "structured_data": {"Patient Name": "Deepak Limbu", "Age": "28", "Sex": "Male"}, "medical_analysis": {"Hemoglobin": {"value": 11.1, "unit": "g/dL", "range": "12.0 - 16.0", "status": "Low"}, "WBC": {"value": 4.1, "unit": "thou/\\u00b5L", "range": "4.0 - 10.0", "status": "Normal"}, "RBC": {"value": 4.7, "unit": "million/\\u00b5L", "range": "4.0 - 5.5", "status": "Normal"}, "PCV": {"value": 43.1, "unit": "%", "range": "36.0 - 48.0", "status": "Normal"}}}	2026-03-31 06:37:19.170098	0	\N
64	241	2	Kidney Function Test (KFT)	\N	Completed	Paid	\N	2026-03-31 06:38:09.251953	{"raw_text": "NiO's Hospital Pvt. Ltd: Birtamode 5, Jhapa Name: Priya Karki Billing Date: 29/03/2026 06:20 Age: 45 Yrs Sample Collected: 29/03/2026 06:20 Sex: Female Report Released: 29/03/2026 08.20 P ID No: P1200101 Barcode No: 9904501 Test Name Result Ref Range Unit Hemoglobin (Hb) 13.0 12-16 gm/dL WBC Count 8.8 4-10 thoulL RBC Count 4.5 4-5.5 million/uL Hematocrit 47.6 36-48 %", "structured_data": {"Patient Name": "Priya Karki", "Age": "45", "Sex": "Female"}, "medical_analysis": {"Hemoglobin": {"value": 13, "unit": "g/dL", "range": "12.0 - 16.0", "status": "Normal"}, "WBC": {"value": 8.8, "unit": "thou/\\u00b5L", "range": "4.0 - 10.0", "status": "Normal"}, "RBC": {"value": 4.5, "unit": "million/\\u00b5L", "range": "4.0 - 5.5", "status": "Normal"}, "PCV": {"value": 47.6, "unit": "%", "range": "36.0 - 48.0", "status": "Normal"}}}	2026-03-31 06:37:19.170171	0	\N
74	244	2	Random Blood Sugar (RBS)	\N	Not Done Yet	Unpaid	\N	\N	\N	2026-03-31 15:12:26.686477	0	\N
75	244	2	Lipid Profile	\N	Not Done Yet	Unpaid	\N	\N	\N	2026-03-31 15:12:26.686518	0	\N
79	250	2	Complete Blood Count (CBC)	\N	Not Done Yet	Paid	\N	2026-04-01 01:50:01.948286	\N	2026-04-01 01:39:51.781843	0	\N
80	250	2	Random Blood Sugar (RBS)	\N	Completed	Paid	\N	2026-04-01 01:50:01.948717	{"raw_text": "NiO's Hospital Pvt: Ltd: Birtamode 5 , Jhapa Name: Ramesh Bhandari Billing Date: 29/03/2026 06:20 Age: 41 Yrs Sample Collected: 29/03/2026 06.20 Sex: Male Report Released: 29/03/2026 08:20 P ID No: P1200107 Barcode No: 9904507 Test Name Result Ref Range Unit Hemoglobin (Hb) 13.8 12-16 gm/dL WBC Count 6.9 4-10 thoulL RBC Count 4.3 4-5.5 million/pL Hematocrit 37.5 36-48 %", "structured_data": {"Patient Name": "Ramesh Bhandari", "Age": "41", "Sex": "Male"}, "medical_analysis": {"Hemoglobin": {"value": 13.8, "unit": "g/dL", "range": "12.0 - 16.0", "status": "Normal"}, "WBC": {"value": 6.9, "unit": "thou/\\u00b5L", "range": "4.0 - 10.0", "status": "Normal"}, "RBC": {"value": 4.3, "unit": "million/\\u00b5L", "range": "4.0 - 5.5", "status": "Normal"}, "PCV": {"value": 37.5, "unit": "%", "range": "36.0 - 48.0", "status": "Normal"}}}	2026-04-01 01:39:51.782038	0	\N
81	250	2	Kidney Function Test (KFT)	\N	Completed	Paid	\N	2026-04-01 01:50:01.949146	{"raw_text": "NiO's Hospital Pvt. Ltd: Birtamode 5 , Jhapa Name: Deepak Limbu Billing Date: 29/03/2026 06:20 Age: 28 Yrs Sample Collected: 29/03/2026 06.20 Sex: Male Report Released: 29/03/2026 08.20 P ID No: P1200109 Barcode No: 9904509 Test Name Result Ref Range Unit Hemoglobin (Hb) 11.1 12-16 gm/dL WBC Count 4.1 4-10 thoulL RBC Count 4.7 4-5.5 million/uL Hematocrit 43.1 36-48 %", "structured_data": {"Patient Name": "Deepak Limbu", "Age": "28", "Sex": "Male"}, "medical_analysis": {"Hemoglobin": {"value": 11.1, "unit": "g/dL", "range": "12.0 - 16.0", "status": "Low"}, "WBC": {"value": 4.1, "unit": "thou/\\u00b5L", "range": "4.0 - 10.0", "status": "Normal"}, "RBC": {"value": 4.7, "unit": "million/\\u00b5L", "range": "4.0 - 5.5", "status": "Normal"}, "PCV": {"value": 43.1, "unit": "%", "range": "36.0 - 48.0", "status": "Normal"}}}	2026-04-01 01:39:51.782088	0	\N
83	252	55	Liver Function Test (LFT)	\N	Completed	Paid	\N	2026-04-01 03:26:32.876918	{"raw_text": "NiO's Hospital Pvt: Ltd: Birtamode 5 , Jhapa Name: Ramesh Bhandari Billing Date: 29/03/2026 06:20 Age: 41 Yrs Sample Collected: 29/03/2026 06.20 Sex: Male Report Released: 29/03/2026 08:20 P ID No: P1200107 Barcode No: 9904507 Test Name Result Ref Range Unit Hemoglobin (Hb) 13.8 12-16 gm/dL WBC Count 6.9 4-10 thoulL RBC Count 4.3 4-5.5 million/pL Hematocrit 37.5 36-48 %", "structured_data": {"Patient Name": "Ramesh Bhandari", "Age": "41", "Sex": "Male"}, "medical_analysis": {"Hemoglobin": {"value": 13.8, "unit": "g/dL", "range": "12.0 - 16.0", "status": "Normal"}, "WBC": {"value": 6.9, "unit": "thou/\\u00b5L", "range": "4.0 - 10.0", "status": "Normal"}, "RBC": {"value": 4.3, "unit": "million/\\u00b5L", "range": "4.0 - 5.5", "status": "Normal"}, "PCV": {"value": 37.5, "unit": "%", "range": "36.0 - 48.0", "status": "Normal"}}}	2026-04-01 03:25:37.088272	0	\N
95	256	58	Kidney Function Test (KFT)	\N	Completed	Paid	\N	2026-04-01 14:09:14.316263	{"raw_text": "NiO's Hospital Pvt: Ltd. Birtamode 5, Jhapa Name: Anita Rai Billing Date: 29/03/2026 06:20 Age: 38 Yrs Sample Collected: 29/03/2026 06.20 Sex: Male Report Released: 29/03/2026 08:20 P ID No: P1200105 Barcode No: 9904505 Test Name Result Ref Range Unit Hemoglobin (Hb) 15.3 12-16 gm/dL WBC Count 6.2 4-10 thoulL RBC Count 4.3 4-5.5 million/uL Hematocrit 37.3 36-48 %", "structured_data": {"Patient Name": "Anita Rai", "Age": "38", "Sex": "Male"}, "medical_analysis": {"Hemoglobin": {"value": 15.3, "unit": "g/dL", "range": "12.0 - 16.0", "status": "Normal"}, "WBC": {"value": 6.2, "unit": "thou/\\u00b5L", "range": "4.0 - 10.0", "status": "Normal"}, "RBC": {"value": 4.3, "unit": "million/\\u00b5L", "range": "4.0 - 5.5", "status": "Normal"}, "PCV": {"value": 37.3, "unit": "%", "range": "36.0 - 48.0", "status": "Normal"}}}	2026-04-01 14:08:12.83995	0	\N
65	241	2	Complete Blood Count (CBC)	\N	Not Done Yet	Paid	\N	2026-03-31 14:57:20.69504	\N	2026-03-31 06:42:35.409402	0	\N
87	253	55	Complete Blood Count (CBC)	\N	Completed	Paid	\N	2026-04-01 08:46:19.998918	{"raw_text": "NiO's Hospital Pvt. Ltd: Birtamode 5 , Jhapa Name: Aarav Sharma Billing Date= 29/03/2026 06:20 Age: 41 Sample Collected: 29/03/2026 06.20 Sex: Male Report Released: 29/03/2026 08.20 P ID No: P1200100 Barcode No: 9904500 Test Name Result Ref Range Unit Hemoglobin (Hb) 12.5 12-16 gm/dL WBC Count 6.8 4-10 thoulL RBC Count 5.1 4-5.5 million/uL Hematocrit 47.1 36-48 % Yrs", "structured_data": {"Patient Name": "Aarav Sharma", "Age": "41", "Sex": "Male"}, "medical_analysis": {"Hemoglobin": {"value": 12.5, "unit": "g/dL", "range": "12.0 - 16.0", "status": "Normal"}, "WBC": {"value": 6.8, "unit": "thou/\\u00b5L", "range": "4.0 - 10.0", "status": "Normal"}, "RBC": {"value": 5.1, "unit": "million/\\u00b5L", "range": "4.0 - 5.5", "status": "Normal"}, "PCV": {"value": 47.1, "unit": "%", "range": "36.0 - 48.0", "status": "Normal"}}}	2026-04-01 08:40:41.801717	0	\N
88	253	55	Lipid Profile	\N	Completed	Paid	\N	2026-04-01 08:46:20.010742	{"raw_text": "NiO's Hospital Pvt. Ltd: Birtamode 5, Jhapa Name: Priya Karki Billing Date: 29/03/2026 06:20 Age: 45 Yrs Sample Collected: 29/03/2026 06:20 Sex: Female Report Released: 29/03/2026 08.20 P ID No: P1200101 Barcode No: 9904501 Test Name Result Ref Range Unit Hemoglobin (Hb) 13.0 12-16 gm/dL WBC Count 8.8 4-10 thoulL RBC Count 4.5 4-5.5 million/uL Hematocrit 47.6 36-48 %", "structured_data": {"Patient Name": "Priya Karki", "Age": "45", "Sex": "Female"}, "medical_analysis": {"Hemoglobin": {"value": 13, "unit": "g/dL", "range": "12.0 - 16.0", "status": "Normal"}, "WBC": {"value": 8.8, "unit": "thou/\\u00b5L", "range": "4.0 - 10.0", "status": "Normal"}, "RBC": {"value": 4.5, "unit": "million/\\u00b5L", "range": "4.0 - 5.5", "status": "Normal"}, "PCV": {"value": 47.6, "unit": "%", "range": "36.0 - 48.0", "status": "Normal"}}}	2026-04-01 08:40:41.801779	0	\N
89	253	55	Urine Routine Examination	\N	Completed	Paid	\N	2026-04-01 08:46:20.011234	{"raw_text": "NiO's Hospital Pvt. Ltd: Birtamode 5, Jhapa Name: Sneha Singh Billing Date: 29/03/2026 06:20 Age: 33 Yrs Sample Collected: 29/03/2026 06.20 Sex: Female Report Released: 29/03/2026 08:20 P ID No: P1200103 Barcode No: 9904503 Test Name Result Ref Range Unit Hemoglobin (Hb) 12.3 12-16 gm/dL WBC Count 4.8 4-10 thoulL RBC Count 5.1 4-5.5 million/uL Hematocrit 39.9 36-48 %", "structured_data": {"Patient Name": "Sneha Singh", "Age": "33", "Sex": "Female"}, "medical_analysis": {"Hemoglobin": {"value": 12.3, "unit": "g/dL", "range": "12.0 - 16.0", "status": "Normal"}, "WBC": {"value": 4.8, "unit": "thou/\\u00b5L", "range": "4.0 - 10.0", "status": "Normal"}, "RBC": {"value": 5.1, "unit": "million/\\u00b5L", "range": "4.0 - 5.5", "status": "Normal"}, "PCV": {"value": 39.9, "unit": "%", "range": "36.0 - 48.0", "status": "Normal"}}}	2026-04-01 08:40:41.801797	0	\N
96	256	58	Lipid Profile	\N	Completed	Paid	\N	2026-04-01 14:09:14.316609	{"raw_text": "NiO's Hospital Pvt: Ltd. Birtamode 5 , Jhapa Name: Pooja Adhikari Billing Date: 29/03/2026 06.20 Age: 29 Sample Collected: 29/03/2026 06.20 Sex: Female Report Released: 29/03/2026 08:20 P ID No: P1200108 Barcode No: 9904508 Test Name Result Ref Range Unit Hemoglobin (Hb) 15.6 12-16 gm/dL WBC Count 4.4 4-10 thoulL RBC Count 4.4 4-5.5 million/uL Hematocrit 40.2 36-48 % Yrs", "structured_data": {"Patient Name": "Pooja Adhikari", "Age": "29", "Sex": "Female"}, "medical_analysis": {"Hemoglobin": {"value": 15.6, "unit": "g/dL", "range": "12.0 - 16.0", "status": "Normal"}, "WBC": {"value": 4.4, "unit": "thou/\\u00b5L", "range": "4.0 - 10.0", "status": "Normal"}, "RBC": {"value": 4.4, "unit": "million/\\u00b5L", "range": "4.0 - 5.5", "status": "Normal"}, "PCV": {"value": 40.2, "unit": "%", "range": "36.0 - 48.0", "status": "Normal"}}}	2026-04-01 14:08:12.840027	0	\N
66	140	2	Random Blood Sugar (RBS)	\N	Not Done Yet	Paid	\N	2026-03-31 07:08:08.869833	\N	2026-03-31 06:55:37.420658	0	\N
67	140	2	Lipid Profile	\N	Not Done Yet	Paid	\N	2026-03-31 07:08:08.870172	\N	2026-03-31 06:55:37.420748	0	\N
91	253	57	Liver Function Test (LFT)	\N	Not Done Yet	Paid	\N	2026-04-01 09:24:37.850376	\N	2026-04-01 09:22:47.496078	0	\N
90	253	57	Complete Blood Count (CBC)	\N	Completed	Paid	\N	2026-04-01 09:24:37.849963	{"raw_text": "NiO's Hospital Pvt: Ltd. Birtamode 5 , Jhapa Name: Pooja Adhikari Billing Date: 29/03/2026 06.20 Age: 29 Sample Collected: 29/03/2026 06.20 Sex: Female Report Released: 29/03/2026 08:20 P ID No: P1200108 Barcode No: 9904508 Test Name Result Ref Range Unit Hemoglobin (Hb) 15.6 12-16 gm/dL WBC Count 4.4 4-10 thoulL RBC Count 4.4 4-5.5 million/uL Hematocrit 40.2 36-48 % Yrs", "structured_data": {"Patient Name": "Pooja Adhikari", "Age": "29", "Sex": "Female"}, "medical_analysis": {"Hemoglobin": {"value": 15.6, "unit": "g/dL", "range": "12.0 - 16.0", "status": "Normal"}, "WBC": {"value": 4.4, "unit": "thou/\\u00b5L", "range": "4.0 - 10.0", "status": "Normal"}, "RBC": {"value": 4.4, "unit": "million/\\u00b5L", "range": "4.0 - 5.5", "status": "Normal"}, "PCV": {"value": 40.2, "unit": "%", "range": "36.0 - 48.0", "status": "Normal"}}}	2026-04-01 09:22:47.495413	0	\N
92	254	58	Complete Blood Count (CBC)	\N	Not Done Yet	Paid	\N	2026-04-01 09:34:32.087179	\N	2026-04-01 09:33:14.666565	0	\N
93	254	58	Lipid Profile	\N	Not Done Yet	Paid	\N	2026-04-01 09:34:32.087481	\N	2026-04-01 09:33:14.666619	0	\N
97	257	2	Complete Blood Count (CBC)	\N	Completed	Paid	\N	2026-04-02 00:59:24.923446	{"raw_text": "NiO's Hospital Pvt: Ltd. Birtamode 5, Jhapa Name: Anita Rai Billing Date: 29/03/2026 06:20 Age: 38 Yrs Sample Collected: 29/03/2026 06.20 Sex: Male Report Released: 29/03/2026 08:20 P ID No: P1200105 Barcode No: 9904505 Test Name Result Ref Range Unit Hemoglobin (Hb) 15.3 12-16 gm/dL WBC Count 6.2 4-10 thoulL RBC Count 4.3 4-5.5 million/uL Hematocrit 37.3 36-48 %", "structured_data": {"Patient Name": "Anita Rai", "Age": "38", "Sex": "Male"}, "medical_analysis": {"Hemoglobin": {"value": 15.3, "unit": "g/dL", "range": "12.0 - 16.0", "status": "Normal"}, "WBC": {"value": 6.2, "unit": "thou/\\u00b5L", "range": "4.0 - 10.0", "status": "Normal"}, "RBC": {"value": 4.3, "unit": "million/\\u00b5L", "range": "4.0 - 5.5", "status": "Normal"}, "PCV": {"value": 37.3, "unit": "%", "range": "36.0 - 48.0", "status": "Normal"}}}	2026-04-02 00:58:19.945131	0	\N
98	257	2	Lipid Profile	\N	Completed	Paid	\N	2026-04-02 00:59:24.923828	{"raw_text": "NiO's Hospital Pvt. Ltd: Birtamode 5 , Jhapa Name: Deepak Limbu Billing Date: 29/03/2026 06:20 Age: 28 Yrs Sample Collected: 29/03/2026 06.20 Sex: Male Report Released: 29/03/2026 08.20 P ID No: P1200109 Barcode No: 9904509 Test Name Result Ref Range Unit Hemoglobin (Hb) 11.1 12-16 gm/dL WBC Count 4.1 4-10 thoulL RBC Count 4.7 4-5.5 million/uL Hematocrit 43.1 36-48 %", "structured_data": {"Patient Name": "Deepak Limbu", "Age": "28", "Sex": "Male"}, "medical_analysis": {"Hemoglobin": {"value": 11.1, "unit": "g/dL", "range": "12.0 - 16.0", "status": "Low"}, "WBC": {"value": 4.1, "unit": "thou/\\u00b5L", "range": "4.0 - 10.0", "status": "Normal"}, "RBC": {"value": 4.7, "unit": "million/\\u00b5L", "range": "4.0 - 5.5", "status": "Normal"}, "PCV": {"value": 43.1, "unit": "%", "range": "36.0 - 48.0", "status": "Normal"}}}	2026-04-02 00:58:19.94521	0	\N
99	257	2	Complete Blood Count (CBC)	\N	Not Done Yet	Paid	\N	2026-04-02 01:37:54.906235	\N	2026-04-02 01:37:19.152797	0	\N
100	257	2	Urine Routine Examination	\N	Not Done Yet	Paid	\N	2026-04-02 01:37:54.906969	\N	2026-04-02 01:37:19.152837	0	\N
\.


--
-- Data for Name: transactions; Type: TABLE DATA; Schema: public; Owner: postgres
--

COPY public.transactions (id, medicine_id, type, quantity, "timestamp", handled_by) FROM stdin;
26	7	sale	12	2026-03-31 05:39:57.158191	8
27	10	sale	12	2026-03-31 05:39:57.158197	8
28	13	sale	12	2026-03-31 05:39:57.1582	8
29	1	sale	12	2026-03-31 05:39:57.158203	8
30	2	add	24	2026-03-31 06:24:57.265163	\N
31	1	add	24	2026-03-31 06:25:06.78116	\N
32	19	add	3	2026-03-31 06:25:19.052825	\N
33	9	sale	1	2026-03-31 06:31:29.106387	8
34	13	sale	45	2026-03-31 06:31:29.106391	8
35	3	sale	6	2026-03-31 06:31:29.106393	8
36	2	sale	3	2026-03-31 06:31:29.106394	8
37	1	sale	6	2026-03-31 13:26:53.350163	8
38	10	sale	9	2026-03-31 13:26:53.350167	8
39	3	sale	6	2026-03-31 13:26:53.350168	8
40	25	sale	9	2026-03-31 13:26:53.35017	8
41	10	sale	135	2026-04-01 00:59:23.230188	8
42	4	sale	135	2026-04-01 00:59:23.230195	8
43	19	sale	60	2026-04-01 00:59:23.230198	8
44	1	add	4	2026-04-01 02:07:10.986143	\N
45	1	sale	216	2026-04-01 03:32:49.286464	8
46	5	sale	48	2026-04-01 03:32:49.286468	8
47	3	sale	216	2026-04-01 03:32:49.28647	8
48	1	sale	6	2026-04-01 04:27:18.758208	8
49	10	sale	9	2026-04-01 04:27:18.758215	8
50	3	sale	6	2026-04-01 04:27:18.758219	8
51	25	sale	9	2026-04-01 04:27:18.758223	8
52	3	sale	9	2026-04-01 08:57:19.166846	8
53	25	sale	9	2026-04-01 08:57:19.16685	8
54	1	sale	9	2026-04-01 08:57:19.166852	8
55	9	sale	1	2026-04-01 08:57:19.166854	8
56	1	add	1	2026-04-01 09:02:54.628742	\N
57	25	sale	90	2026-04-01 09:30:55.864215	8
58	1	sale	90	2026-04-01 09:30:55.864218	8
59	9	sale	10	2026-04-01 09:30:55.864221	8
60	3	sale	15	2026-04-01 14:13:18.768718	8
61	1	sale	6	2026-04-01 14:13:18.768722	8
62	9	sale	1	2026-04-01 14:13:18.768725	8
63	24	sale	1	2026-04-01 14:13:18.768727	8
64	9	sale	12	2026-04-02 01:14:30.482316	8
65	25	sale	36	2026-04-02 01:14:30.482328	8
66	6	sale	48	2026-04-02 01:14:30.482334	8
67	3	sale	9	2026-04-02 01:14:30.48234	8
68	9	sale	10	2026-04-02 01:39:02.82091	8
69	1	sale	90	2026-04-02 01:39:02.820918	8
70	9	sale	1	2026-04-02 01:39:20.764569	8
71	1	sale	9	2026-04-02 01:39:20.764579	8
72	16	sale	144	2026-04-02 01:49:11.721969	8
73	1	sale	216	2026-04-02 01:49:11.721978	8
\.


--
-- Data for Name: users; Type: TABLE DATA; Schema: public; Owner: postgres
--

COPY public.users (id, full_name, email, password, role, specialization, is_deleted) FROM stdin;
1	\N	admin@nio.com	$2b$12$uA.M7Pc.1MouiDkz.3tVfeDvnMhzlZVhDnrzKFL0fxA8BTLNnCTvO	admin	\N	f
4	Muskan	muskan@nio.com	$2b$12$JQnO9Z4YjrqkgmYttGVlN.pz5VlSl3KBzESgIjM4gSAo9dFCte8my	counter	\N	f
5	Saugat Ojha	saugat@nio.com	$2b$12$jcy/2l0vUJA7OHNdGOXQ7.Hb.LrgQCLqSZ5BOAHUmLGiuCsyC/itW	technician	\N	f
6	Aasish Thapa	aasish@nio.com	$2b$12$D5bzIZ3fZvR908309sD7Uued5N32z6YVpMDFV3nw0nhjlC4PZJIZ6	pharmacy_admin	\N	f
7	Smriti Oli	smu@nio.com	$2b$12$A42l4ZoNFHxzd2tAmiqDNuvY4SOIS8n35lUuE4N5ujtnOMUxmjDbe	receptionist	\N	f
8	Shrawan Rijal	shrawan@nio.com	$2b$12$F81ut0uW3hB5oiCDd.N9fuM7.c.pOAFtHJMQ8lnlt6xedJHlHajum	pharmacy	\N	f
54	Rajesh Kumar Sharma	rajesh@meroswasthya.com	$2b$12$/2bZaMHwxm91yntwNeJVhehPxyaaCNVAj/qxxEtBnU.oUpcFy5f5q	doctor	General Physician	f
55	Sita Devi Adhikari	sita@meroswasthya.com	$2b$12$U5s0VUmn2xDnnuZmzfnfyOena0ty1l1FWvFrHLLXALTSI5stCLnUK	doctor	Gynecologist	f
56	Bikram Thapa	bikram@meroswasthya.com	$2b$12$K7E7T7Mr5vQf7Yg7f2.lEOHh8JptOAqcqJZAPt/8EbUafw.Hhr8E2	doctor	Orthopedist	f
57	Sunita Rai	sunita@meroswasthya.com	$2b$12$135uavhZ.iKDffAsXAqZhuApd4oejGsW9y6YG1Rx9AdFDZ057.htq	doctor	Dermatologist	f
58	Anil Bahadur Gurung	anil@meroswasthya.com	$2b$12$pvAGodVdB7yYzJfLDPuUTO.UvXQ9BfFyyxNnCI6gxLoifO9gPNwaC	doctor	Cardiologist	f
2	Nikesh Oli	nio@nio.com	$2b$12$a.6HSGl3I2YqcU46.6/Wfe.qVFc2VW5ox0pv.UOKfu.HBMdtd4Tqe	doctor	Orthopedist	t
42	Saaugat Ojha	saaugat@nio.com	$2b$12$lMHC9in1D/xs8r9DnnGjhO12yDq/Wi5ec2sqw4YxO6CU3P5Zzik8C	doctor	Cardiologist	t
43	Ajit Shah	ajit@nio.com	$2b$12$jbu5ZGboVIPkLSBUc.JXbOItO47erLzPBXt4UaFFaPgVZPyo4FLj2	doctor	Pediatrician	t
44	Chandni Joshi	chandni@nio.com	$2b$12$OcUuLJ80MZfGmK0wHZ6FvODdkJUiAV0ZotIJkZfoxmHbTNuPBBxmG	doctor	Dentist	t
45	Seema Golcha	seema@nio.com	$2b$12$Cf/Hreg/67ZY4YeH7BGC7OHHNtyy3DGwmbTPWnpkH7AOfO67YGTCe	doctor	Gastroenterologist	t
46	Mansi Agrawal	mansi@nio.com	$2b$12$Qcf5y2q4dWLMbfVDbFxwD.aoTodmgnmvwyApWVB6Ls0sXh9SU1lVK	doctor	ENT Specialist	t
47	Atul Koirala	atul@nio.com	$2b$12$Xafza3tES.r0DDEaBJr0Xeei2Y/cuR5xSwVYxGB3tHJXRP5J9A9hq	doctor	Ophthalmologist	t
48	Deepak Raj Joshi	deepak@nio.com	$2b$12$ZpL/To9XD0EvdabMqoaCJuR5ppm4zLIk985uF1FkS3biThkZPxAp6	doctor	Pulmonologist	t
52	Tahal Das Oli	tahal@nio.com	$2b$12$VdVxGZCBWXuDuUOIFghwG.rg81wV5C2CGCZJeAj6k1a0TqgM/udl6	doctor	Neurologist	t
51	Shivam Adhikari	shivam@nio.com	$2b$12$r0hIr9Xr/dXiFEPdDkE/ced2O8QvPnSXARzvVL.pFcQpXa2jX1ljO	doctor	Gynecologist	t
49	Shakti Begani	shakti@nio.com	$2b$12$LzdNQE0JAWKMt0o8GVwOh.uuewMdFAJ/G.uyGEcfS.zSgbCkb37/a	doctor	Urologist	t
50	Ekta Golcha	ekta@nio.com	$2b$12$duTrYIx8DESEQb6xMtB1wOlLNcXtr8JJOyWuzIgQmig08.Si6V4p2	doctor	Orthopedist	t
53	Shashikanta Sitoula	shashi@nio.com	$2b$12$vtpGDMaJmWR0vK.FgQkjROi3UW3LWEFCdVmBOcPqNnObTDRtffi0a	doctor	Psychiatrist	t
\.


--
-- Name: bill_items_id_seq; Type: SEQUENCE SET; Schema: public; Owner: postgres
--

SELECT pg_catalog.setval('public.bill_items_id_seq', 6464, true);


--
-- Name: bills_id_seq; Type: SEQUENCE SET; Schema: public; Owner: postgres
--

SELECT pg_catalog.setval('public.bills_id_seq', 1394, true);


--
-- Name: followups_id_seq; Type: SEQUENCE SET; Schema: public; Owner: postgres
--

SELECT pg_catalog.setval('public.followups_id_seq', 16, true);


--
-- Name: lab_tests_id_seq; Type: SEQUENCE SET; Schema: public; Owner: postgres
--

SELECT pg_catalog.setval('public.lab_tests_id_seq', 8, true);


--
-- Name: medical_reports_id_seq; Type: SEQUENCE SET; Schema: public; Owner: postgres
--

SELECT pg_catalog.setval('public.medical_reports_id_seq', 258, true);


--
-- Name: medicines_id_seq; Type: SEQUENCE SET; Schema: public; Owner: postgres
--

SELECT pg_catalog.setval('public.medicines_id_seq', 25, true);


--
-- Name: patients_id_seq; Type: SEQUENCE SET; Schema: public; Owner: postgres
--

SELECT pg_catalog.setval('public.patients_id_seq', 1, false);


--
-- Name: prescriptions_id_seq; Type: SEQUENCE SET; Schema: public; Owner: postgres
--

SELECT pg_catalog.setval('public.prescriptions_id_seq', 480, true);


--
-- Name: return_items_id_seq; Type: SEQUENCE SET; Schema: public; Owner: postgres
--

SELECT pg_catalog.setval('public.return_items_id_seq', 1, false);


--
-- Name: stocks_id_seq; Type: SEQUENCE SET; Schema: public; Owner: postgres
--

SELECT pg_catalog.setval('public.stocks_id_seq', 117, true);


--
-- Name: test_requests_id_seq; Type: SEQUENCE SET; Schema: public; Owner: postgres
--

SELECT pg_catalog.setval('public.test_requests_id_seq', 103, true);


--
-- Name: transactions_id_seq; Type: SEQUENCE SET; Schema: public; Owner: postgres
--

SELECT pg_catalog.setval('public.transactions_id_seq', 73, true);


--
-- Name: users_id_seq; Type: SEQUENCE SET; Schema: public; Owner: postgres
--

SELECT pg_catalog.setval('public.users_id_seq', 58, true);


--
-- Name: bill_items bill_items_pkey; Type: CONSTRAINT; Schema: public; Owner: postgres
--

ALTER TABLE ONLY public.bill_items
    ADD CONSTRAINT bill_items_pkey PRIMARY KEY (id);


--
-- Name: bills bills_pkey; Type: CONSTRAINT; Schema: public; Owner: postgres
--

ALTER TABLE ONLY public.bills
    ADD CONSTRAINT bills_pkey PRIMARY KEY (id);


--
-- Name: followups followups_pkey; Type: CONSTRAINT; Schema: public; Owner: postgres
--

ALTER TABLE ONLY public.followups
    ADD CONSTRAINT followups_pkey PRIMARY KEY (id);


--
-- Name: lab_tests lab_tests_name_key; Type: CONSTRAINT; Schema: public; Owner: postgres
--

ALTER TABLE ONLY public.lab_tests
    ADD CONSTRAINT lab_tests_name_key UNIQUE (name);


--
-- Name: lab_tests lab_tests_pkey; Type: CONSTRAINT; Schema: public; Owner: postgres
--

ALTER TABLE ONLY public.lab_tests
    ADD CONSTRAINT lab_tests_pkey PRIMARY KEY (id);


--
-- Name: medical_reports medical_reports_pkey; Type: CONSTRAINT; Schema: public; Owner: postgres
--

ALTER TABLE ONLY public.medical_reports
    ADD CONSTRAINT medical_reports_pkey PRIMARY KEY (id);


--
-- Name: medicines medicines_name_key; Type: CONSTRAINT; Schema: public; Owner: postgres
--

ALTER TABLE ONLY public.medicines
    ADD CONSTRAINT medicines_name_key UNIQUE (name);


--
-- Name: medicines medicines_pkey; Type: CONSTRAINT; Schema: public; Owner: postgres
--

ALTER TABLE ONLY public.medicines
    ADD CONSTRAINT medicines_pkey PRIMARY KEY (id);


--
-- Name: patients patients_pkey; Type: CONSTRAINT; Schema: public; Owner: postgres
--

ALTER TABLE ONLY public.patients
    ADD CONSTRAINT patients_pkey PRIMARY KEY (id);


--
-- Name: prescriptions prescriptions_pkey; Type: CONSTRAINT; Schema: public; Owner: postgres
--

ALTER TABLE ONLY public.prescriptions
    ADD CONSTRAINT prescriptions_pkey PRIMARY KEY (id);


--
-- Name: return_items return_items_pkey; Type: CONSTRAINT; Schema: public; Owner: postgres
--

ALTER TABLE ONLY public.return_items
    ADD CONSTRAINT return_items_pkey PRIMARY KEY (id);


--
-- Name: stocks stocks_pkey; Type: CONSTRAINT; Schema: public; Owner: postgres
--

ALTER TABLE ONLY public.stocks
    ADD CONSTRAINT stocks_pkey PRIMARY KEY (id);


--
-- Name: test_requests test_requests_pkey; Type: CONSTRAINT; Schema: public; Owner: postgres
--

ALTER TABLE ONLY public.test_requests
    ADD CONSTRAINT test_requests_pkey PRIMARY KEY (id);


--
-- Name: transactions transactions_pkey; Type: CONSTRAINT; Schema: public; Owner: postgres
--

ALTER TABLE ONLY public.transactions
    ADD CONSTRAINT transactions_pkey PRIMARY KEY (id);


--
-- Name: users users_email_key; Type: CONSTRAINT; Schema: public; Owner: postgres
--

ALTER TABLE ONLY public.users
    ADD CONSTRAINT users_email_key UNIQUE (email);


--
-- Name: users users_pkey; Type: CONSTRAINT; Schema: public; Owner: postgres
--

ALTER TABLE ONLY public.users
    ADD CONSTRAINT users_pkey PRIMARY KEY (id);


--
-- Name: ix_bills_id; Type: INDEX; Schema: public; Owner: postgres
--

CREATE INDEX ix_bills_id ON public.bills USING btree (id);


--
-- Name: ix_lab_tests_id; Type: INDEX; Schema: public; Owner: postgres
--

CREATE INDEX ix_lab_tests_id ON public.lab_tests USING btree (id);


--
-- Name: ix_medicines_id; Type: INDEX; Schema: public; Owner: postgres
--

CREATE INDEX ix_medicines_id ON public.medicines USING btree (id);


--
-- Name: ix_patients_id; Type: INDEX; Schema: public; Owner: postgres
--

CREATE INDEX ix_patients_id ON public.patients USING btree (id);


--
-- Name: ix_patients_patient_id; Type: INDEX; Schema: public; Owner: postgres
--

CREATE UNIQUE INDEX ix_patients_patient_id ON public.patients USING btree (patient_id);


--
-- Name: ix_prescriptions_id; Type: INDEX; Schema: public; Owner: postgres
--

CREATE INDEX ix_prescriptions_id ON public.prescriptions USING btree (id);


--
-- Name: ix_stocks_id; Type: INDEX; Schema: public; Owner: postgres
--

CREATE INDEX ix_stocks_id ON public.stocks USING btree (id);


--
-- Name: ix_test_requests_id; Type: INDEX; Schema: public; Owner: postgres
--

CREATE INDEX ix_test_requests_id ON public.test_requests USING btree (id);


--
-- Name: ix_transactions_id; Type: INDEX; Schema: public; Owner: postgres
--

CREATE INDEX ix_transactions_id ON public.transactions USING btree (id);


--
-- Name: ix_users_id; Type: INDEX; Schema: public; Owner: postgres
--

CREATE INDEX ix_users_id ON public.users USING btree (id);


--
-- Name: bill_items bill_items_bill_id_fkey; Type: FK CONSTRAINT; Schema: public; Owner: postgres
--

ALTER TABLE ONLY public.bill_items
    ADD CONSTRAINT bill_items_bill_id_fkey FOREIGN KEY (bill_id) REFERENCES public.bills(id);


--
-- Name: prescriptions fk_prescriptions_doctor; Type: FK CONSTRAINT; Schema: public; Owner: postgres
--

ALTER TABLE ONLY public.prescriptions
    ADD CONSTRAINT fk_prescriptions_doctor FOREIGN KEY (doctor_id) REFERENCES public.users(id) ON DELETE SET NULL;


--
-- Name: test_requests fk_test_requests_lab_test; Type: FK CONSTRAINT; Schema: public; Owner: postgres
--

ALTER TABLE ONLY public.test_requests
    ADD CONSTRAINT fk_test_requests_lab_test FOREIGN KEY (lab_test_id) REFERENCES public.lab_tests(id) ON DELETE SET NULL;


--
-- Name: test_requests fk_test_requests_patient; Type: FK CONSTRAINT; Schema: public; Owner: postgres
--

ALTER TABLE ONLY public.test_requests
    ADD CONSTRAINT fk_test_requests_patient FOREIGN KEY (patient_id) REFERENCES public.medical_reports(id) ON DELETE CASCADE;


--
-- Name: followups followups_doctor_id_fkey; Type: FK CONSTRAINT; Schema: public; Owner: postgres
--

ALTER TABLE ONLY public.followups
    ADD CONSTRAINT followups_doctor_id_fkey FOREIGN KEY (doctor_id) REFERENCES public.users(id);


--
-- Name: followups followups_patient_id_fkey; Type: FK CONSTRAINT; Schema: public; Owner: postgres
--

ALTER TABLE ONLY public.followups
    ADD CONSTRAINT followups_patient_id_fkey FOREIGN KEY (patient_id) REFERENCES public.medical_reports(id);


--
-- Name: return_items return_items_bill_id_fkey; Type: FK CONSTRAINT; Schema: public; Owner: postgres
--

ALTER TABLE ONLY public.return_items
    ADD CONSTRAINT return_items_bill_id_fkey FOREIGN KEY (bill_id) REFERENCES public.bills(id);


--
-- Name: stocks stocks_medicine_id_fkey; Type: FK CONSTRAINT; Schema: public; Owner: postgres
--

ALTER TABLE ONLY public.stocks
    ADD CONSTRAINT stocks_medicine_id_fkey FOREIGN KEY (medicine_id) REFERENCES public.medicines(id);


--
-- Name: test_requests test_requests_doctor_id_fkey; Type: FK CONSTRAINT; Schema: public; Owner: postgres
--

ALTER TABLE ONLY public.test_requests
    ADD CONSTRAINT test_requests_doctor_id_fkey FOREIGN KEY (doctor_id) REFERENCES public.users(id);


--
-- Name: transactions transactions_medicine_id_fkey; Type: FK CONSTRAINT; Schema: public; Owner: postgres
--

ALTER TABLE ONLY public.transactions
    ADD CONSTRAINT transactions_medicine_id_fkey FOREIGN KEY (medicine_id) REFERENCES public.medicines(id);


--
-- Name: SCHEMA public; Type: ACL; Schema: -; Owner: postgres
--

GRANT ALL ON SCHEMA public TO PUBLIC;


--
-- PostgreSQL database dump complete
--

